,Unnamed: 0.1,cost,address,bedrooms,bathrooms,hydro,heat,water,parking,pet,size,furnished,ac,smoking,has_den,has_unitType_Apartment,has_unitType_Basement,has_unitType_Condo,has_unitType_Duplex/Triplex,has_unitType_House,has_unitType_Townhouse,has_wifiInfo_Internet,has_wifiInfo_Cable,agreement_is_annual,has_appliances_Dishwasher,has_appliances_Fridge / Freezer,has_appliances_Laundry (In Building),has_appliances_Laundry (In Unit),has_amenities_24 Hour Security,has_amenities_Bicycle Parking,has_amenities_Concierge,has_amenities_Elevator in Building,has_amenities_Gym,has_amenities_Pool,has_amenities_Storage Space,has_outdoor_Balcony,has_outdoor_Yard,latitude,longitude
0,0,933,"22-41 Munroe Pl., Regina, SK, S4S 6A7",2,1.0,0,1,1,1,1,860,0,1,1,0,1,0,0,0,0,0,0,1,1,0,1,1,0,1,0,0,0,0,0,1,1,0,50.414254,-104.599335
1,1,850,"2175  Rae Street, Regina, SK, S4T 2E8",1,1.0,0,1,1,0,1,380,0,1,0,0,1,0,0,0,0,0,0,0,1,0,1,1,0,0,0,0,0,0,0,0,0,0,50.445121,-104.621029
2,2,799,"1424 Victoria Ave, Regina, SK, S4P 0P3",1,1.0,0,1,1,0,1,520,0,0,0,0,1,0,0,0,0,0,0,0,1,0,1,0,0,0,0,0,0,0,0,0,0,0,50.447245,-104.600769
3,3,814,"3864 Rae Street, Regina, SK, S4S 3A1",1,1.0,0,1,1,0,1,675,0,0,0,0,1,0,0,0,0,0,0,0,1,0,1,0,0,0,0,0,0,0,0,0,0,0,50.41858,-104.621018
4,4,1030,"2240 Robinson Street, Regina, SK, S4T 2P9",2,1.0,0,1,1,0,1,870,0,1,0,0,1,0,0,0,0,0,0,0,1,0,1,1,0,0,0,0,0,0,0,0,0,0,50.4436708,-104.6239575
5,5,1495,"S4X, Canada",1,1.0,1,1,1,1,0,625,1,1,0,0,1,0,0,0,0,0,0,1,0,0,1,0,1,1,0,0,0,0,0,0,1,1,50.5068,-104.674
6,6,1199,"#109  5301 Universal Crescent, S4W0L2, Regina, SK",1,1.0,0,1,1,1,0,786,0,1,0,1,0,0,1,0,0,0,0,0,1,1,1,0,1,0,0,0,1,1,0,1,1,0,50.436949,-104.649662
7,7,1460,"5500 Parliament Avenue, Regina, SK, S4W 0T3",2,2.0,0,1,1,0,1,997,0,1,0,0,1,0,0,0,0,0,0,0,1,0,1,0,0,0,0,0,1,1,0,0,1,0,50.4157804,-104.6364215
8,8,799,"1424 Victoria Ave, Regina, SK, S4P 0P3",1,1.0,0,1,1,0,1,520,0,0,0,0,1,0,0,0,0,0,0,0,1,0,1,0,0,0,0,0,0,0,0,0,0,0,50.447245,-104.600769
9,9,849,"3525 Avonhurst Dr, Regina, SK, S4R 3K2",2,1.0,0,1,1,0,1,763,0,0,0,0,1,0,0,0,0,0,0,0,1,0,1,1,0,0,0,0,0,0,0,0,0,1,50.474007,-104.632346
10,10,999,"2835 Parliament Ave, Regina, SK, S4S 2L1",2,1.0,0,1,1,0,1,910,0,0,0,0,1,0,0,0,0,0,0,0,1,0,1,0,0,0,0,0,0,0,0,0,0,0,50.415392,-104.621739
11,11,799,"3940 Retallack Street, Regina, SK, S4S 3B9",1,1.0,0,1,1,0,1,675,0,0,0,0,1,0,0,0,0,0,0,0,1,0,1,0,0,0,0,0,0,0,0,0,0,0,50.417045,-104.622474
12,12,1074,"4100 Retallack Street, Regina, SK, S4S 3C3",2,1.0,0,1,1,0,1,720,0,0,0,0,1,0,0,0,0,0,0,0,1,0,1,0,0,0,0,0,0,0,0,0,0,0,50.4143456,-104.6224529
13,13,800,"2353 Ottawa St, Regina, SK S4P 1R2, Canada",1,1.0,0,1,1,2,0,700,0,0,0,0,1,0,0,0,0,0,0,0,1,0,1,1,0,0,0,0,0,0,0,0,0,0,50.4424372,-104.6005612
14,14,1475,"1942 Elphinstone St., S4T 3N2, Regina, SK",2,1.0,0,0,0,2,0,1000,0,0,0,0,0,0,0,0,1,0,0,0,1,1,1,0,1,0,0,0,0,0,0,0,0,1,50.448749,-104.631126
16,16,1279,"193 Lockwood Rd., Regina, SK, S4S 6G9",1,1.0,1,1,1,0,1,705,0,1,1,0,1,0,0,0,0,0,0,1,1,0,1,1,0,1,0,0,0,0,0,0,1,0,50.4016987,-104.6255671
17,17,754,"4039 Retallack Street, Regina, SK, S4S 3C2",1,1.0,0,1,1,0,1,480,0,0,0,0,1,0,0,0,0,0,0,0,1,0,1,0,0,0,0,0,0,0,0,0,0,0,50.415345,-104.622466
18,18,850,", Regina S4t3s2 SK, Canada",2,1.0,0,0,0,0,0,900,0,0,0,0,0,0,0,0,1,0,0,0,1,0,1,0,0,0,0,0,0,0,0,0,0,1,50.45605,-104.632609
19,19,1180,"10 Michener Drive, Regina, SK, S4V 1R2",2,1.0,0,1,1,0,1,975,0,1,0,0,1,0,0,0,0,0,0,0,1,1,1,0,1,0,0,0,0,1,0,0,1,0,50.431639,-104.558772
20,20,1085,"6725 Rochdale Blvd, Regina, SK, S4X 2Z2",2,1.0,0,1,1,0,1,798,0,1,0,0,1,0,0,0,0,0,0,0,1,1,1,0,1,0,0,0,0,1,0,0,0,0,50.4948651,-104.677316
21,21,1487,"3005  Trombley St, Regina, SK, S4V 3W6",3,2.0,0,0,0,0,1,1074,0,1,0,0,1,0,0,0,0,0,1,0,1,1,1,1,1,0,0,0,0,0,0,0,1,1,50.4294124,-104.5137686
22,22,940,"5659 Campling Avenue, Regina, SK, S4W 0P8",1,1.0,0,0,0,0,1,576,0,1,0,0,1,0,0,0,0,0,0,0,1,1,1,0,1,0,0,0,0,0,0,0,0,1,50.436949,-104.649662
23,23,1250,"5663 Mitchinson Way, Regina, SK, S4W 0P9",3,1.0,0,0,0,0,1,1000,0,1,0,0,1,0,0,0,0,0,0,0,1,1,1,0,1,0,0,0,0,0,0,0,0,1,50.436949,-104.649662
24,24,1465,"3367 Green Poppy Street, Regina, SK, S4W 0G3",2,1.0,0,0,0,1,1,807,0,1,0,0,0,0,0,0,0,1,0,0,1,1,1,0,1,0,0,0,0,0,0,0,1,0,50.436949,-104.649662
25,25,1295,"5300 Parliament Ave, Regina, SK, S4W 0R5",2,1.0,0,0,1,1,1,694,0,1,0,0,1,0,0,0,0,0,0,0,1,1,1,0,1,0,0,0,1,1,0,0,1,0,50.44065,-104.649629
27,27,2200,"2300 Broad Street, S4P1Y8, Regina, SK",2,2.0,0,1,1,1,0,1400,0,1,0,1,0,0,1,0,0,0,0,0,1,1,1,0,1,1,1,0,1,1,0,1,1,0,50.442326,-104.606652
28,28,1020,"445  Retallack Street, Regina, SK, S4R 3N4",2,1.0,0,1,1,0,1,1000,0,1,0,0,1,0,0,0,0,0,0,0,1,0,1,1,0,0,0,0,0,0,0,0,0,0,50.4714575,-104.622552
29,29,950,"2630  6th Avenue N, Regina, SK, S4R 0P2",1,1.0,0,1,1,0,1,631,0,1,0,0,1,0,0,0,0,0,0,0,1,0,1,1,0,0,0,0,0,0,0,0,1,0,50.478954,-104.618794
30,30,900,"2311 Park Street, S4N 2G9, Regina, SK",1,1.0,1,1,1,1,1,500,1,0,0,0,0,1,0,0,0,0,1,0,1,1,1,1,0,0,0,0,0,0,0,0,0,1,50.443819,-104.572173
32,32,849,"3525 Avonhurst Dr, Regina, SK, S4R 3K2",2,1.0,0,1,1,0,1,763,0,0,0,0,1,0,0,0,0,0,0,0,1,0,1,1,0,0,0,0,0,0,0,0,0,1,50.474007,-104.632346
33,33,799,"1424 Victoria Ave, Regina, SK, S4P 0P3",1,1.0,0,1,1,0,1,520,0,0,0,0,1,0,0,0,0,0,0,0,1,0,1,0,0,0,0,0,0,0,0,0,0,0,50.447245,-104.600769
34,34,1295,"5501 Prefontaine Ave, Regina, SK, S4W 0S3",2,1.0,0,1,1,0,1,840,0,1,0,0,1,0,0,0,0,0,0,0,1,1,1,0,1,0,0,0,1,1,0,0,1,0,50.439672,-104.648915
35,35,1750,"14 Milford Crescent, Regina, SK S4N 1K7, Canada",3,2.0,0,0,0,3,1,1300,0,1,0,1,0,0,0,0,1,0,0,0,1,1,1,1,1,0,0,0,0,0,0,0,1,1,50.452663,-104.5512115
36,36,1000,"69  Kleisinger Cres, Regina, SK, S4R 6Z4",2,1.0,0,1,1,0,1,761,0,1,0,0,1,0,0,0,0,0,0,0,1,0,1,1,0,0,0,0,0,0,0,0,1,0,50.484498,-104.607979
38,38,650,"2901  5th Ave, Regina, SK, S4T 0L3",1,1.0,0,1,1,0,1,308,0,0,0,0,1,0,0,0,0,0,0,0,1,0,1,1,0,0,0,0,0,0,0,0,0,0,50.461418,-104.623503
39,39,850,"1454  Rae St, Regina, SK, S4T 2C5",2,1.0,0,1,1,0,1,684,0,1,0,0,1,0,0,0,0,0,0,0,1,0,1,1,0,0,0,0,0,0,0,0,1,0,50.455924,-104.621176
41,41,700,"173 Procter Pl, Regina, SK S4S 4G1, Canada",1,1.0,0,1,1,1,0,300,0,0,0,0,1,0,0,0,0,0,0,0,0,0,1,1,0,1,1,0,0,0,0,0,0,0,50.4165916,-104.6131414
42,42,1100,"67 Angus Rd, Regina, SK S4R 3L1, Canada",2,1.0,0,1,1,1,0,1140,0,1,0,0,1,0,0,0,0,0,0,0,0,1,1,1,0,1,0,0,1,0,0,1,1,0,50.479036,-104.620408
43,43,935,"505 Rose St, Regina, SK S4R 1Z4, Canada",2,1.0,0,1,1,1,0,800,0,1,0,0,1,0,0,0,0,0,0,0,0,0,1,1,0,0,0,0,0,0,0,0,1,0,50.470701,-104.607933
44,44,1295,"4665 Skinner Cres, Regina, SK S4W 0A3, Canada",1,1.0,0,0,0,1,0,800,1,1,0,1,1,0,0,0,0,0,0,0,1,0,0,0,1,0,0,0,0,0,0,0,0,1,50.4122278,-104.6496927
45,45,1050,"5310 Universal Cr., S4W 0K8, Regina, SK",2,1.0,0,0,0,1,0,1033,0,0,0,0,0,1,0,0,0,0,0,0,1,1,1,0,1,0,0,0,0,0,0,0,1,0,50.436949,-104.649662
46,46,1198,"1701 Horizons Way, Regina, SK, S4Y 0G5",2,2.0,0,0,1,1,1,913,0,1,0,0,1,0,0,0,0,0,0,0,1,1,1,0,1,0,0,0,1,1,0,0,1,0,50.476789,-104.695286
47,47,1298,"1251 N Galloway Street, Regina, SK, S4X 0M6",2,1.0,0,1,1,1,1,859,0,1,0,0,1,0,0,0,0,0,0,0,1,1,1,0,1,0,0,0,1,0,0,0,1,0,50.49048,-104.671679
48,48,1600,"5500 Mitchinson Way, Regina, SK S4W 0N9, Canada",2,2.0,1,1,1,2,0,900,0,1,0,1,0,0,1,0,0,0,0,0,1,1,0,0,1,0,0,0,1,0,0,0,1,0,50.436949,-104.649662
49,49,1148,"41 Munroe Place, Regina, SK, S4S 6A7",2,1.0,0,1,1,0,1,850,0,1,1,0,1,0,0,0,0,0,0,1,1,0,1,0,1,1,0,0,0,0,0,1,1,1,50.414254,-104.599335
50,50,1022,"22-41 Munroe Pl., Regina, SK, S4S 6A7",2,1.0,0,1,1,0,1,860,0,0,1,0,1,0,0,0,0,0,0,1,1,0,1,1,0,1,0,0,0,0,0,1,1,0,50.414254,-104.599335
51,51,1268,"700 Gladmer Pk., Regina, SK, S4P 2W9",3,1.0,0,0,0,1,1,1056,0,0,1,0,0,0,0,0,0,1,0,1,1,1,1,0,1,0,0,0,0,0,0,0,1,1,50.437079,-104.605561
52,52,1800,"2 Donahue Ave, Regina, SK S4R 3Y5, Canada",3,1.0,1,1,1,2,0,1000,1,1,0,0,0,0,0,0,1,0,1,1,0,1,1,1,0,0,0,0,0,0,0,0,0,1,50.480643,-104.632863
53,53,1160,"3367 Green Poppy Street, Regina, SK, S4W 0G3",1,1.0,0,0,0,1,1,529,0,1,0,0,0,0,0,0,0,1,0,0,1,1,1,0,1,0,0,0,0,0,0,0,1,0,50.436949,-104.649662
54,54,1285,"3928 Green Falls Drive, Regina, SK, S4V 3M1",2,1.0,0,1,1,0,1,840,0,1,0,0,1,0,0,0,0,0,0,0,0,1,1,0,1,0,0,0,1,1,1,0,1,0,50.431637,-104.550761
55,55,1190,"5929 Rochdale Blvd, Regina, SK, S4X 0M3",2,1.0,0,0,1,0,1,691,0,1,0,0,1,0,0,0,0,0,0,0,1,1,1,0,1,0,0,0,1,0,0,0,1,0,50.49048,-104.671679
56,56,1190,"4013 Harbour Landing Dr, Regina, SK, S4W 0E5",2,1.0,0,0,1,0,1,691,0,1,0,0,1,0,0,0,0,0,0,0,1,1,1,0,1,0,0,0,1,1,1,0,1,0,50.430928,-104.6643399
57,57,1240,"5601 Gordon Road, Regina, SK, S4W 0M6",1,1.0,0,0,1,0,1,780,0,1,0,0,1,0,0,0,0,0,0,0,1,1,1,0,1,0,0,0,1,0,0,0,1,0,50.436949,-104.649662
58,58,1119,"Centennial St, Regina, SK S4S 6W3, Canada",2,1.0,0,1,1,1,1,860,1,1,1,0,1,0,0,0,0,0,1,1,0,0,0,1,0,0,0,0,0,1,0,1,1,0,50.4130675,-104.5989765
60,60,1300,"1839 Scarth St, S4P 2G9, Regina, SK",1,1.0,1,1,1,1,1,900,1,1,0,0,1,0,0,0,0,0,1,1,0,1,1,0,1,0,0,0,0,0,0,0,0,0,50.450304,-104.61082
61,61,923,"405 Rae St, Regina, SK S4R 3M3, Canada",2,1.0,0,1,1,1,0,792,0,1,0,0,1,0,0,0,0,0,0,0,1,0,1,1,0,1,1,0,0,0,0,1,1,0,50.47159,-104.620938
62,62,955,"34 Spence Street, Regina, SK, S4S 4H4",1,1.0,0,1,1,0,1,675,0,1,0,0,1,0,0,0,0,0,0,0,1,0,1,1,0,0,0,0,0,0,0,0,1,0,50.4132335,-104.6154105
65,65,1060,"34 Spence Street, Regina, SK, S4S 4H4",2,1.0,0,1,1,0,1,800,0,1,0,0,1,0,0,0,0,0,0,0,1,0,1,1,0,0,0,0,0,0,0,0,1,0,50.4132335,-104.6154105
66,66,940,"331  Broad Street North, Regina, SK, S4R 2X8",1,1.0,0,1,1,0,1,659,0,1,0,0,1,0,0,0,0,0,0,0,1,0,1,1,0,0,0,0,0,0,0,0,1,0,50.4809322,-104.6064483
67,67,1285,"3928 Green Falls Drive, Regina, SK, S4V 3M1",2,1.0,0,1,1,0,1,840,0,1,0,0,1,0,0,0,0,0,0,0,0,1,1,0,1,0,0,0,1,1,1,0,1,0,50.431637,-104.550761
68,68,1295,"5501 Prefontaine Ave, Regina, SK, S4W 0S3",2,1.0,0,1,1,0,1,840,0,1,0,0,1,0,0,0,0,0,0,0,1,1,1,0,1,0,0,0,1,1,0,0,1,0,50.439672,-104.648915
69,69,1300,"331  Broad Street North, Regina, SK, S4R 2X8",2,2.0,0,1,1,0,1,832,0,1,0,0,1,0,0,0,0,0,0,0,1,0,1,1,0,0,0,0,0,0,0,0,1,0,50.4809322,-104.6064483
75,75,920,"26 Lorne Place, Regina, SK, S4R 8B3",1,1.0,0,1,1,0,1,607,0,1,0,0,1,0,0,0,0,0,0,0,1,1,1,1,0,0,0,0,0,0,0,0,1,0,50.48448,-104.61372
76,76,1045,"6725 Rochdale Blvd, Regina, SK, S4X 2Z2",1,1.0,0,1,1,0,1,583,0,1,0,0,1,0,0,0,0,0,0,0,1,1,1,0,1,0,0,0,0,1,0,0,0,0,50.4948651,-104.677316
77,77,1200,", S0G 3Z0, Pilot Butte, SK",2,1.0,0,0,0,2,0,786,0,1,0,0,0,0,0,0,1,0,0,0,1,1,1,0,1,0,0,0,0,0,0,0,0,1,50.413607,-104.434654
78,78,950,"4462 Albulet Drive, S4W0L5, Regina, SK",1,1.0,1,1,1,1,0,700,0,0,0,0,0,1,0,0,0,0,1,0,1,1,1,0,1,0,0,0,0,0,0,0,0,0,50.409183,-104.658395
79,79,800,"S4T3M6, Canada",2,1.0,0,0,0,1,0,800,0,0,0,0,0,0,0,1,0,0,0,0,1,0,1,0,1,0,0,0,0,0,0,0,0,0,50.456622,-104.631156
80,80,920,", Regina S4P 2M4 SK",1,1.0,0,1,1,0,0,555,0,0,0,0,0,0,1,0,0,0,0,0,1,1,1,1,1,0,0,0,0,0,0,0,1,0,50.446974,-104.613678
81,81,975,"125 Froom Crescent, Regina, SK S4N 1S8, Canada",2,1.0,0,1,1,1,1,800,0,1,0,0,1,0,0,0,0,0,0,0,0,0,1,1,0,0,0,0,0,0,0,0,0,0,50.445507,-104.568106
83,83,849,"4050 Rae Street, Regina, SK, S4S 3A3",1,1.0,0,1,1,0,1,675,0,0,0,0,1,0,0,0,0,0,0,0,1,0,1,0,0,0,0,0,0,0,0,0,0,0,50.4152497,-104.6210282
84,84,884,"801 Grey Street, Regina, SK, S4T 5G8",2,1.0,0,1,1,0,1,720,0,0,0,0,1,0,0,0,0,0,0,0,1,0,1,0,0,0,0,0,0,0,0,0,0,0,50.464843,-104.655319
85,85,849,"3955 Robinson Street, Regina, SK, S4S 3C7",1,1.0,0,1,1,0,1,675,0,0,0,0,1,0,0,0,0,0,0,0,1,0,1,0,0,0,0,0,0,0,0,0,0,0,50.416219,-104.623885
86,86,879,"2155 Rose Street, Regina, SK, S4P 2A5",1,1.0,0,1,1,0,1,675,0,0,0,0,1,0,0,0,0,0,0,0,1,0,1,0,0,0,0,0,0,0,0,0,0,0,50.444226,-104.6079823
87,87,1100,"420 Toronto Street, Regina, SK, S4R 1M4",2,1.0,0,0,0,0,0,900,0,0,0,0,1,0,0,0,0,0,0,0,1,1,1,0,0,0,0,0,0,0,0,0,0,0,50.472303,-104.599067
88,88,980,"2131 Angus Street, Regina, SK, S4T 2A1",1,1.0,0,1,1,0,1,615,0,1,0,0,1,0,0,0,0,0,0,0,1,0,1,1,0,0,0,0,0,0,0,0,1,0,50.445149,-104.619638
89,89,1020,"453 Retallack Street, Regina, SK, S4R 3N4",2,1.0,0,1,1,0,1,1000,0,1,0,0,1,0,0,0,0,0,0,0,1,0,1,1,0,0,0,0,0,0,0,0,0,0,50.4714575,-104.622552
90,90,1120,"2657  Lacon Street, Regina, SK, S4N 2A5",2,1.0,0,1,1,0,1,773,0,1,0,0,1,0,0,0,0,0,0,0,1,0,1,1,0,0,0,0,0,0,0,0,0,0,50.437545,-104.569288
91,91,750,"2104  14th Ave, Regina, SK, S4P 0X6",1,1.0,0,1,1,0,1,343,0,0,0,0,1,0,0,0,0,0,0,0,1,0,1,1,0,0,0,0,0,0,0,0,0,0,50.4440233,-104.6158508
92,92,1500,"2315 McIntyre St, Regina, SK S4P 3Y8, Canada",2,1.0,1,1,1,1,0,700,0,1,0,0,0,0,1,0,0,0,0,0,1,0,1,0,1,0,0,0,0,0,0,0,1,0,50.4424462,-104.6166159
93,93,2300,"3117 Trombley Street, Regina, SK, S4V 3S1",3,2.5,0,0,0,0,1,1186,0,1,0,0,0,0,0,0,1,0,0,0,1,1,1,0,1,0,0,0,0,0,0,0,0,1,50.428575,-104.512849
94,94,1150,"3068 Greenbank Road, Regina, SK, S4V 3R7",2,1.0,0,0,0,0,1,1000,0,1,0,0,1,0,0,0,0,0,0,0,1,1,1,0,1,0,0,0,0,0,0,0,0,1,50.428655,-104.520876
95,95,1150,"3076 George Street, Regina, SK, S4V 3X3",2,1.0,0,0,0,0,1,1000,0,1,0,0,1,0,0,0,0,0,0,0,1,1,1,0,1,0,0,0,0,0,0,0,0,1,50.428658,-104.52226
96,96,1140,"3928 Green Falls Drive, Regina, SK, S4V 3M1",1,1.0,0,1,1,0,1,615,0,1,0,0,1,0,0,0,0,0,0,0,0,1,1,0,1,0,0,0,1,1,1,0,1,0,50.431637,-104.550761
97,97,1190,"4013 Harbour Landing Dr, Regina, SK, S4W 0E5",2,1.0,0,0,1,0,1,691,0,1,0,0,1,0,0,0,0,0,0,0,1,1,1,0,1,0,0,0,1,1,1,0,1,0,50.430928,-104.6643399
98,98,1070,"4013 Harbour Landing Dr, Regina, SK, S4W 0E5",1,1.0,0,0,1,0,1,546,0,1,0,0,1,0,0,0,0,0,0,0,1,1,1,0,1,0,0,0,1,1,1,0,1,0,50.430928,-104.6643399
99,99,1060,"5929 Rochdale Blvd, Regina, SK, S4X 0M3",1,1.0,0,0,1,0,1,566,0,1,0,0,1,0,0,0,0,0,0,0,1,1,1,0,1,0,0,0,1,0,0,0,1,0,50.49048,-104.671679
100,100,1140,"5501 Prefontaine Ave, Regina, SK, S4W 0S3",1,1.0,0,1,1,0,1,615,0,1,0,0,1,0,0,0,0,0,0,0,1,1,1,0,1,0,0,0,1,1,0,0,1,0,50.439672,-104.648915
101,101,1230,"5601 Gordon Road, Regina, SK, S4W 0M6",2,1.0,0,0,1,0,1,825,0,1,0,0,1,0,0,0,0,0,0,0,1,1,1,0,1,0,0,0,1,0,0,0,1,0,50.436949,-104.649662
102,102,1215,"5601 Gordon Road, Regina, SK, S4W 0M6",1,1.0,0,0,1,0,1,780,0,1,0,0,1,0,0,0,0,0,0,0,1,1,1,0,1,0,0,0,1,0,0,0,1,0,50.436949,-104.649662
103,103,1295,"5501 Prefontaine Ave, Regina, SK, S4W 0S3",2,1.0,0,1,1,0,1,840,0,1,0,0,1,0,0,0,0,0,0,0,1,1,1,0,1,0,0,0,1,1,0,0,1,0,50.439672,-104.648915
104,104,1300,"224 Osler St, Regina, SK S4R 1V4, Canada",3,1.0,1,1,1,1,1,950,0,0,0,0,0,0,0,0,1,0,0,0,1,0,1,1,0,0,0,0,0,0,0,0,0,1,50.474738,-104.605018
105,105,1300,"2271 Argyle Street, S4T 3T2, Regina, SK",2,1.0,0,0,0,2,0,800,0,0,0,0,0,0,0,0,1,0,0,0,1,1,1,1,0,0,0,0,0,0,0,0,0,1,50.44321,-104.632613
107,107,933,"22-41 Munroe Pl., Regina, SK, S4S 6A7",2,1.0,0,1,1,1,1,860,0,1,1,0,1,0,0,0,0,0,0,1,1,0,1,1,0,1,0,0,0,0,0,1,1,0,50.414254,-104.599335
108,108,1079,"191 Rink Ave., Regina, SK, S4R 7V3",2,1.0,0,1,1,1,1,850,0,0,1,0,1,0,0,0,0,0,0,1,1,0,1,1,0,1,0,0,0,0,0,1,1,0,50.487601,-104.653409
109,109,1350,"5300 Parliament Ave, Regina, SK, S4W 0R5",2,1.0,0,0,1,1,1,777,0,1,0,0,1,0,0,0,0,0,0,0,1,1,1,0,1,0,0,0,1,1,0,0,1,0,50.44065,-104.649629
110,110,825,"1900 Garnet St, Regina, SK S4T 2Z4, Canada",1,1.0,0,1,1,1,0,550,0,0,0,0,1,0,0,0,0,0,0,0,1,0,1,1,0,0,0,0,0,0,0,0,0,1,50.448014,-104.62698
113,113,1000,"S4N0T9, Canada",2,1.0,0,1,1,1,0,900,0,1,0,0,1,0,0,0,0,0,0,0,0,0,1,1,0,0,1,0,0,0,0,0,0,1,50.44551,-104.570346
114,114,1050,"2840 Mcara Street, Regina S4N2X4 SK",2,1.0,0,0,0,2,0,900,0,0,0,0,0,0,0,1,0,0,0,0,1,1,1,0,1,0,0,0,0,0,0,0,0,1,50.4338655,-104.5821205
115,115,2200,", S4P3V7, Regina, SK",4,2.0,0,0,0,2,0,2000,1,1,0,0,0,0,0,0,1,0,1,1,0,1,1,0,1,0,0,0,0,0,0,0,0,1,50.451732,-104.613875
116,116,625,", Regina S4P1J9 SK, Canada",1,1.0,0,0,0,0,0,500,0,0,0,1,0,0,0,0,1,0,0,0,0,0,0,0,1,0,0,0,0,0,0,0,0,1,50.446999,-104.596183
117,117,750,"4216 Castle Rd, Regina, SK S4S 4W1, Canada",1,1.0,1,1,1,1,1,450,1,1,0,1,0,1,0,0,0,0,1,1,1,1,1,1,1,0,0,0,0,0,0,0,0,0,50.411003,-104.600045
119,119,1800,"3630 Haughton Rd, Regina, SK S4V 1P1, Canada",2,2.0,1,1,1,1,0,1100,1,1,0,0,0,0,1,0,0,0,1,1,0,1,1,0,1,1,1,0,1,0,0,0,1,0,50.432902,-104.544364
120,120,975,"2022 Edgar Street, Regina S4N3K6 SK",2,1.0,0,0,0,2,1,700,0,0,0,0,0,0,0,0,1,0,0,0,1,0,0,0,1,0,0,0,0,0,0,0,0,1,50.446731,-104.588025
121,121,1400,"1863 Rae Street, S4T 2E3, Regina, SK",2,1.5,0,0,0,1,1,846,0,1,0,0,0,0,1,0,0,0,0,0,1,1,1,0,1,1,1,0,1,0,0,1,1,0,50.4504055,-104.621068
122,122,1950,"2046 Alexandra St, Regina, SK S4T 4P5, Canada",4,2.5,0,0,0,3,0,1575,0,1,0,0,0,0,0,0,1,0,0,0,1,1,1,0,1,0,0,0,0,0,0,0,1,1,50.447484,-104.643703
124,124,1250,"2167 Pasqua St, Regina, SK S4T 4M3, Canada",2,1.0,0,0,0,1,0,952,0,0,0,0,0,0,0,0,1,0,0,0,1,1,1,0,1,0,0,0,0,0,0,0,0,1,50.445408,-104.640952
125,125,827,"936 McIntosh St, Regina, SK S4T 5B4, Canada",2,1.0,0,1,1,1,0,700,0,0,0,0,1,0,0,0,0,0,1,0,1,0,1,1,0,0,0,0,0,0,0,1,0,1,50.464042,-104.6524745
126,126,1500,"S4P 2V2, Canada",2,2.0,1,1,1,1,0,1000,0,1,0,0,0,0,1,0,0,0,0,0,1,1,1,0,1,0,1,0,1,0,0,1,1,0,50.443474,-104.6180691
128,128,1750,"3500 13th Ave, Regina, SK S4T 1P9, Canada",3,3.0,0,0,0,1,1,1600,0,1,0,0,0,0,0,0,0,1,0,0,1,0,1,0,1,0,0,0,0,0,0,0,1,0,50.44553,-104.631306
129,129,699,"1424 Victoria Ave, Regina, SK, S4P 0P3",1,1.0,0,1,1,0,1,402,0,0,0,0,1,0,0,0,0,0,0,0,1,0,1,0,0,0,0,0,0,0,0,0,0,0,50.447245,-104.600769
130,130,1596,"1827 Albert St, Regina, SK, S4P 2S9",1,1.0,1,1,1,1,0,734,0,1,0,0,1,0,0,0,0,0,1,0,1,0,1,1,1,1,0,0,0,1,0,0,0,0,50.45003,-104.617991
131,131,1300,"4805 Liberty St, Regina, SK S4W 0K2, Canada",2,1.0,0,0,0,1,0,1000,0,1,0,1,0,0,0,0,1,0,0,0,1,1,1,0,1,0,0,0,0,0,0,0,0,1,50.436949,-104.649662
132,132,1200,"2125 Osler St, Regina, SK S4P 4G9, Canada",2,1.0,0,1,1,1,0,900,0,0,0,0,1,0,0,0,0,0,0,0,1,0,0,0,1,0,0,0,1,0,0,0,1,0,50.4451429,-104.604911
133,133,1300,"1545 Neville Dr, Regina, SK S4Z 0A7, Canada",2,1.0,0,1,1,1,0,750,0,1,0,0,0,0,0,0,0,1,0,0,1,1,1,0,1,0,0,0,0,0,0,0,1,0,50.4523907,-104.5316401
134,134,1100,"1039 Elliott St, Regina, SK S4N 3E7, Canada",3,1.0,0,0,0,0,0,700,0,0,0,0,0,1,0,0,0,0,0,0,1,0,0,0,1,0,0,0,0,0,0,0,0,0,50.4628349,-104.5864971
135,135,850,"2175  Rae Street, Regina, SK, S4T 2E8",1,1.0,0,1,1,0,1,380,0,1,0,0,1,0,0,0,0,0,0,0,1,0,1,1,0,0,0,0,0,0,0,0,0,0,50.445121,-104.621029
136,136,935,"505 Rose St, Regina, SK S4R 1Z4, Canada",2,1.0,0,1,1,1,0,800,0,1,0,0,1,0,0,0,0,0,0,0,0,0,1,1,0,0,0,0,0,0,0,0,1,0,50.470701,-104.607933
137,137,849,"3525 Avonhurst Dr, Regina, SK, S4R 3K2",2,1.0,0,1,1,0,1,763,0,0,0,0,1,0,0,0,0,0,0,0,1,0,1,1,0,0,0,0,0,0,0,0,0,1,50.474007,-104.632346
138,138,933,"22-41 Munroe Pl., Regina, SK, S4S 6A7",2,1.0,0,1,1,1,1,860,0,1,1,0,1,0,0,0,0,0,0,1,1,0,1,1,0,1,0,0,0,0,0,1,1,0,50.414254,-104.599335
143,143,1275,"333 Lorne Street, S4R2J3, Regina, SK",2,2.0,0,0,0,2,1,1040,0,1,0,1,0,0,0,1,0,0,0,0,1,0,0,0,1,0,0,0,0,0,0,0,0,1,50.4731795,-104.6137
146,146,850,", S4N1W3, Regina, SK",1,1.0,0,1,1,0,0,800,0,1,0,0,0,1,0,0,0,0,1,0,1,0,1,1,0,0,0,0,0,0,0,0,0,0,50.451702,-104.566421
147,147,985,"S4S6P8, Canada",2,1.0,1,1,1,1,0,909,1,1,0,1,1,0,0,0,0,0,1,1,1,0,1,1,0,1,1,0,0,0,0,1,1,0,50.415106,-104.597735
148,148,995,"2001 Cornwall St, Regina, SK S4P 3X9, Canada",1,1.0,0,1,1,1,0,630,0,1,0,0,1,0,0,0,0,0,0,0,1,0,1,1,0,1,0,0,1,1,0,0,1,0,50.447003,-104.612242
149,149,2300,"S4P2A6, Canada",5,4.0,0,0,0,3,1,2400,1,1,0,0,0,0,0,0,1,0,0,0,1,1,1,1,1,0,0,0,0,0,0,0,0,1,50.443711,-104.608098
150,150,1200,"1630 Badham Blvd, Regina S4P0J6 SK",1,1.0,1,1,1,0,0,500,1,1,0,0,0,1,0,0,0,0,1,1,1,1,1,1,0,0,0,0,0,0,0,0,1,0,50.4390256,-104.6047007
152,152,1000,", Regina s4x0m4 SK, Canada",1,1.0,1,1,1,0,0,650,0,1,0,0,0,1,0,0,0,0,1,0,0,0,1,0,1,0,0,0,0,0,0,0,0,0,50.5068188,-104.6740383
153,153,1275,"5000 Green Jewel Blvd, Regina, SK, S4V 3V2",1,1.0,0,1,1,0,1,662,0,1,0,0,1,0,0,0,0,0,0,0,1,1,1,0,1,0,0,0,1,1,0,0,1,0,50.418782,-104.511409
154,154,1295,"5501 Prefontaine Ave, Regina, SK, S4W 0S3",2,1.0,0,1,1,0,1,840,0,1,0,0,1,0,0,0,0,0,0,0,1,1,1,0,1,0,0,0,1,1,0,0,1,0,50.439672,-104.648915
155,155,1100,"411 Lorne St N, Regina, SK S4R 3B2, Canada",2,1.0,0,1,1,1,1,900,0,1,0,0,1,0,0,0,0,0,0,0,1,0,1,1,0,0,0,0,0,0,0,0,1,0,50.482144,-104.613617
156,156,1050,"1213 Empress St, Regina, SK S4T 5E4, Canada",2,1.0,0,1,1,1,0,700,0,1,0,0,1,0,0,0,0,0,0,0,0,1,1,1,0,0,0,0,0,0,0,0,0,0,50.460635,-104.653948
157,157,1464,"1066 Dorothy St., Regina, SK, S4X 0P4",2,2.0,0,1,1,0,1,916,0,1,1,0,1,0,0,0,0,0,0,1,1,1,1,0,1,1,0,0,1,0,0,0,1,0,50.4755343,-104.6826709
158,158,1464,"1070 Dorothy St., Regina, SK, S4X 0P5",2,2.0,0,1,1,0,1,915,0,1,1,0,1,0,0,0,0,0,0,1,1,1,1,0,1,1,0,0,1,0,0,0,1,0,50.477173,-104.682274
159,159,1124,"1060 Dorothy St., Regina, SK, S4X 3C5",2,1.0,0,0,1,0,1,877,0,1,1,0,1,0,0,0,0,0,0,1,1,1,1,0,1,1,0,0,0,1,0,0,1,1,50.476408,-104.68282
160,160,1800,"Green Rock Rd, Regina, SK S4V, Canada",3,2.5,0,0,0,2,0,1350,0,1,0,0,0,0,0,0,1,0,0,0,1,1,1,0,1,0,0,0,0,0,0,0,0,1,50.425383,-104.515726
161,161,980,"Wallace St, Regina, SK S4N 3Z9, Canada",2,1.0,1,1,1,2,0,700,1,0,0,0,0,1,0,0,0,0,1,0,1,0,0,1,0,0,0,0,0,0,0,0,0,1,50.450296,-104.593672
162,162,1050,"42 Spence St, Regina, SK S4S 4H4, Canada",1,1.0,0,0,1,1,0,634,0,1,0,0,0,0,1,0,0,0,0,0,1,1,1,1,0,0,0,0,0,0,0,0,1,0,50.4132335,-104.6154105
163,163,1445,"5200 Parliament Ave, Regina, SK S4W 0R5, Canada",2,2.0,0,0,1,2,1,857,0,1,0,1,1,0,0,0,0,0,0,0,0,0,1,0,1,0,0,0,1,1,0,0,1,0,50.44065,-104.649629
164,164,750,"2166 Robinson St, Regina, SK S4T 2P7, Canada",1,1.0,0,1,1,0,0,500,0,0,1,0,1,0,0,0,0,0,1,0,0,0,1,0,0,1,0,0,0,0,0,0,1,1,50.445412,-104.623953
165,165,1000,"4505 Rae St, Regina, SK S4S 3B2, Canada",2,1.5,0,1,1,2,0,1000,0,1,0,0,0,0,1,0,0,0,0,0,1,1,1,1,0,1,0,0,1,0,0,1,1,0,50.410088,-104.621026
166,166,1000,"Garnet St, Regina, SK, Canada, S4T 2Y2",2,1.0,0,0,0,2,0,840,1,0,0,0,0,0,0,0,1,0,0,0,1,0,1,1,1,0,0,0,0,0,0,0,0,1,50.4598637,-104.6268441
167,167,1300,"2030 Edgar Street, Regina, SK, S4N 3K6",3,1.5,0,0,0,0,1,1100,0,1,0,0,1,0,0,0,0,0,0,0,1,1,1,0,0,0,0,0,0,0,0,0,0,1,50.446731,-104.588025
168,168,1398,"502 University Park Drive, Regina, SK, S4V 3L8",2,1.0,0,1,1,1,1,954,0,1,0,1,1,0,0,0,0,0,0,0,1,1,1,0,1,0,0,0,1,0,0,0,1,0,50.431637,-104.550761
169,169,1319,"41 Munroe Place, Regina, SK, S4S 6A7",1,1.0,0,1,1,0,1,650,0,1,1,0,1,0,0,0,0,0,0,1,1,0,1,0,1,1,0,0,0,0,0,1,1,1,50.414254,-104.599335
170,170,1495,"1114-5200 Parliament Ave, Regina, SK S4W 0R5, Canada",2,2.0,1,1,1,1,0,900,1,1,0,1,0,0,1,0,0,0,0,0,1,1,1,1,1,1,1,1,1,1,0,1,1,0,50.44065,-104.649629
171,171,1089,"239 Centennial St, Regina, SK S4S 6T5, Canada",2,1.0,0,1,1,1,1,850,0,1,0,0,0,0,1,0,0,0,1,1,1,0,1,0,1,0,0,0,0,0,0,1,1,0,50.411899,-104.600421
172,172,1100,"Tutor Way, Regina, SK S4W 0G4, Canada",2,1.0,1,1,1,2,0,975,0,1,0,0,0,1,0,0,0,0,1,0,1,1,1,0,1,0,0,0,0,0,0,0,0,0,50.436949,-104.649662
173,173,1148,"41 Munroe Place, Regina, SK, S4S 6A7",2,1.0,0,1,1,0,1,850,0,1,1,0,1,0,0,0,0,0,0,1,1,0,1,0,1,1,0,0,0,0,0,1,1,1,50.414254,-104.599335
174,174,1295,"5501 Prefontaine Ave, Regina, SK, S4W 0S3",2,1.0,0,1,1,0,1,840,0,1,0,0,1,0,0,0,0,0,0,0,1,1,1,0,1,0,0,0,1,1,0,0,1,0,50.439672,-104.648915
175,175,1300,"331  Broad Street North, Regina, SK, S4R 2X8",2,2.0,0,1,1,0,1,832,0,1,0,0,1,0,0,0,0,0,0,0,1,0,1,1,0,0,0,0,0,0,0,0,1,0,50.4809322,-104.6064483
176,176,1100,", Regina South S4W0G4 SK, Canada",2,1.0,1,1,1,2,0,975,0,1,0,0,0,1,0,0,0,0,1,0,1,1,1,0,1,0,0,0,0,0,0,0,0,0,50.436949,-104.649662
177,177,1450,"5663 Mitchinson Way, Regina, SK, S4W 0P9",3,2.0,0,0,0,0,1,1000,0,1,0,0,1,0,0,0,0,0,0,0,1,1,1,0,1,0,0,0,0,0,0,0,0,1,50.436949,-104.649662
178,178,945,"2410  15th Avenue, Regina, SK, S4P 1A4",1,1.0,0,1,1,0,1,620,0,1,0,0,1,0,0,0,0,0,0,0,1,0,1,1,0,0,0,0,0,0,0,0,1,0,50.442441,-104.615924
179,179,1350,"48 B Nollet Ave, Regina S4T 7P9 SK",2,1.0,0,1,1,1,0,1000,0,1,0,0,0,0,1,0,0,0,0,0,1,1,1,0,1,0,0,0,0,0,0,0,1,0,50.481562,-104.668815
180,180,750,"3208 Westgate Ave, Regina, SK S4S 1B3, Canada",1,1.0,0,1,1,1,0,500,0,0,0,0,1,0,0,0,0,0,0,0,1,0,1,1,0,0,1,0,0,0,0,0,0,0,50.425468,-104.626472
181,181,1200,"1823 York St, Regina, SK S4T 4R3, Canada",2,1.0,0,0,0,2,0,750,0,0,0,0,0,0,0,0,1,0,0,0,1,1,1,0,1,0,0,0,0,0,0,0,0,1,50.450482,-104.645142
182,182,750,"80 Hanbidge Cres, Regina, SK, S4R 7C4",1,1.0,0,1,1,1,0,820,0,1,0,0,1,0,0,0,0,0,0,0,1,0,1,1,0,0,0,0,0,0,0,0,1,0,50.475494,-104.65827
183,183,800,"131 Angus Rd, Regina, SK S4R 5E4, Canada",1,1.0,1,1,1,1,1,650,0,1,0,0,1,0,0,0,0,0,0,0,0,0,0,1,0,0,0,0,0,0,0,0,1,0,50.483958,-104.6204335
184,184,1295,"Dakota Dr, Regina, SK S4Z, Canada",2,2.0,0,0,1,2,0,1160,0,1,0,0,0,0,1,0,0,0,0,0,1,1,1,0,1,0,0,0,1,0,0,1,1,0,50.45127,-104.53095
185,185,1590,"5290 Aerodrome Rd, Regina, SK S4W 0P4, Canada",3,1.5,0,0,0,1,0,1100,0,0,0,0,0,0,0,0,0,1,0,0,1,1,1,0,1,0,0,0,0,0,0,0,1,0,50.436949,-104.649662
186,186,1155,"539 Wascana St, Regina, SK S4R 4J3, Canada",2,1.0,0,0,0,0,0,1030,0,1,0,0,0,0,0,1,0,0,0,0,1,1,1,0,1,0,0,0,0,0,0,0,1,0,50.470744,-104.639845
187,188,1350,"2236 Wallace St, Regina, SK S4N 4A7, Canada",2,1.0,1,1,1,1,1,772,0,1,0,0,0,0,0,0,1,0,0,0,1,0,1,1,0,0,0,0,0,0,0,0,0,1,50.443887,-104.593764
189,190,1150,"1969 St John St, Regina, SK, S4P 1S3",2,1.0,0,0,0,0,1,747,0,0,0,0,1,0,0,0,0,0,0,0,1,0,1,0,0,0,0,0,0,0,0,0,0,0,50.448031,-104.601838
190,191,999,"1424 Victoria Ave, Regina, SK, S4P 0P3",2,1.0,0,1,1,0,1,585,0,0,0,0,1,0,0,0,0,0,0,0,1,0,1,0,0,0,0,0,0,0,0,0,0,0,50.447245,-104.600769
191,192,854,"3823 Retallack Street, Regina, SK, S4S 3B7",1,1.0,0,1,1,0,1,480,0,0,0,0,1,0,0,0,0,0,0,0,1,0,1,0,0,0,0,0,0,0,0,0,0,0,50.418614,-104.622489
192,193,854,"4050 Rae Street, Regina, SK, S4S 3A3",1,1.0,0,1,1,0,1,410,0,0,0,0,1,0,0,0,0,0,0,0,1,0,1,0,0,0,0,0,0,0,0,0,0,0,50.4152497,-104.6210282
193,194,1074,"3823 Retallack Street, Regina, SK, S4S 3B7",2,1.0,0,1,1,0,1,910,0,0,0,0,1,0,0,0,0,0,0,0,1,0,1,0,0,0,0,0,0,0,0,0,0,0,50.418614,-104.622489
194,195,1074,"4050 Rae Street, Regina, SK, S4S 3A3",2,1.0,0,1,1,0,1,910,0,0,0,0,1,0,0,0,0,0,0,0,1,0,1,0,0,0,0,0,0,0,0,0,0,0,50.4152497,-104.6210282
195,196,994,"3823 Retallack Street, Regina, SK, S4S 3B7",1,1.0,0,1,1,0,1,675,0,0,0,0,1,0,0,0,0,0,0,0,1,0,1,0,0,0,0,0,0,0,0,0,0,0,50.418614,-104.622489
199,200,1268,"700 Gladmer Pk., Regina, SK, S4P 2W9",3,1.0,0,0,0,1,1,1056,0,0,1,0,0,0,0,0,0,1,0,1,1,1,1,0,1,0,0,0,0,0,0,0,1,1,50.437079,-104.605561
200,201,799,"1424 Victoria Ave, Regina, SK, S4P 0P3",1,1.0,0,1,1,0,1,520,0,0,0,0,1,0,0,0,0,0,0,0,1,0,1,0,0,0,0,0,0,0,0,0,0,0,50.447245,-104.600769
201,202,1285,"3928 Green Falls Drive, Regina, SK, S4V 3M1",2,1.0,0,1,1,0,1,840,0,1,0,0,1,0,0,0,0,0,0,0,0,1,1,0,1,0,0,0,1,1,1,0,1,0,50.431637,-104.550761
202,203,850,"2175  Rae Street, Regina, SK, S4T 2E8",1,1.0,0,1,1,0,1,380,0,1,0,0,1,0,0,0,0,0,0,0,1,0,1,1,0,0,0,0,0,0,0,0,0,0,50.445121,-104.621029
203,204,950,"2115  Montague St, Regina, SK, S4T 3K1",1,1.0,0,1,1,0,1,465,0,0,0,0,1,0,0,0,0,0,0,0,1,0,1,1,0,0,0,0,0,0,0,0,0,0,50.445075,-104.629572
204,205,1300,"5281 Aviator Crescent, S4W0G9, Regina, SK",2,1.5,0,1,1,1,0,1100,0,1,0,0,0,1,0,0,0,0,1,0,1,0,1,0,1,0,0,0,0,0,0,0,0,1,50.436949,-104.649662
205,206,1500,"138 Turner Crescent, Regina, SK S4N 4P6, Canada",3,1.0,0,0,0,2,1,1000,1,1,0,0,0,0,0,0,1,0,0,0,1,1,1,1,0,0,0,0,0,0,0,0,0,1,50.453767,-104.5451025
206,207,1000,"2151 Hamilton Street, S4P 2E5, Regina, SK",1,1.0,0,1,1,0,0,680,0,1,0,0,1,0,0,0,0,0,0,0,0,1,1,1,0,1,0,1,0,0,0,0,0,0,50.444921,-104.609399
207,208,795,"2151 Hamilton Street, S4P 2E5, Regina, SK",1,1.0,0,1,1,0,0,680,0,1,0,0,1,0,0,0,0,0,0,0,0,0,1,1,0,1,0,1,0,0,0,0,0,0,50.444921,-104.609399
208,209,700,"4701 4 Ave, Regina, SK S4T 0J5, Canada",2,1.0,0,1,1,1,0,700,0,0,0,0,1,0,0,0,0,0,0,0,0,0,1,1,0,1,0,0,0,0,0,0,0,0,50.46294,-104.648253
209,210,750,"1142 Garry St, Regina, SK S4T 5R4, Canada",1,1.0,0,0,0,2,1,750,0,0,1,1,0,0,0,0,1,0,0,0,1,0,0,0,1,0,0,0,0,0,0,0,0,1,50.461382,-104.665373
210,211,900,"4045 Rae St, Regina, SK S4S 6Y8, Canada",1,1.0,0,1,1,1,0,710,0,1,0,0,0,0,1,0,0,0,0,0,1,1,1,1,0,1,1,0,0,1,0,0,1,0,50.477049,-104.621099
211,212,850,"1431 Rae, S4p 3g1, Regina, SK",2,1.0,0,0,0,1,0,600,0,0,0,0,0,0,0,0,1,0,0,0,1,0,0,0,0,0,0,0,0,0,0,0,0,1,50.456133,-104.62065
212,213,925,", Regina S4T1Y5 SK, Canada",2,1.0,0,0,0,1,1,1050,0,0,0,0,0,0,0,1,0,0,0,0,0,1,1,0,1,0,0,0,0,0,0,0,0,1,50.461302,-104.619645
215,216,1100,"Regina, SK, Canada, S4N 1T2",1,1.0,0,0,0,2,0,900,0,1,0,0,0,0,0,1,0,0,0,0,1,0,1,1,0,0,0,0,0,0,0,0,0,1,50.441016,-104.56384
216,217,854,"3954 Retallack Street, Regina, SK, S4S 3B9",1,1.0,0,1,1,0,1,480,0,0,0,0,1,0,0,0,0,0,0,0,1,0,1,0,0,0,0,0,0,0,0,0,0,0,50.417045,-104.622474
217,218,1414,"4130 Rae Street, Regina, SK, S4S 3A4",3,1.0,0,1,1,0,1,1161,0,0,0,0,1,0,0,0,0,0,0,0,1,0,1,0,0,0,0,0,0,0,0,0,0,0,50.413591,-104.621144
218,219,994,"4140 Rae Street, Regina, SK, S4S 3A4",1,1.0,0,1,1,0,1,675,0,0,0,0,1,0,0,0,0,0,0,0,1,0,1,0,0,0,0,0,0,0,0,0,0,0,50.413591,-104.621144
219,220,1074,"4049 Retallack Street, Regina, SK, S4S 3C2",2,1.0,0,1,1,0,1,910,0,0,0,0,1,0,0,0,0,0,0,0,1,0,1,0,0,0,0,0,0,0,0,0,0,0,50.415345,-104.622466
220,221,1154,"4064 Rae Street, Regina, SK, S4S 3A3",2,1.0,0,1,1,0,1,910,0,0,0,0,1,0,0,0,0,0,0,0,1,0,1,0,0,0,0,0,0,0,0,0,0,0,50.4152497,-104.6210282
221,222,799,"1538 Alexandra Street, Regina, SK, S4T 4N9",1,1.0,0,1,1,0,1,650,0,0,1,0,1,0,0,0,0,0,0,0,1,0,1,1,0,0,0,0,0,0,0,0,0,0,50.455447,-104.643791
222,223,1525,"4160 Rae Street, Regina, SK, S4S 3A4",3,1.0,0,1,1,0,1,1061,0,0,0,0,1,0,0,0,0,0,0,0,1,0,1,0,0,0,0,0,0,0,0,0,0,0,50.413591,-104.621144
223,224,1504,"2915 Parliament Ave, Regina, SK, S4S 2L3",3,1.0,0,1,1,0,1,1161,0,0,0,0,1,0,0,0,0,0,0,0,1,0,1,0,0,0,0,0,0,0,0,0,0,0,50.415392,-104.623167
224,225,734,"4120 Retallack Street, Regina, SK, S4S 3C3",1,1.0,0,1,1,0,1,320,0,0,0,0,1,0,0,0,0,0,0,0,1,0,1,0,0,0,0,0,0,0,0,0,0,0,50.4143456,-104.6224529
225,226,1154,"4160 Rae Street, Regina, SK, S4S 3A4",2,1.0,0,1,1,0,1,910,0,0,0,0,1,0,0,0,0,0,0,0,1,0,1,0,0,0,0,0,0,0,0,0,0,0,50.413591,-104.621144
226,227,849,"4100 Retallack Street, Regina, SK, S4S 3C3",1,1.0,0,1,1,0,1,650,0,0,0,0,1,0,0,0,0,0,0,0,1,0,1,0,0,0,0,0,0,0,0,0,0,0,50.4143456,-104.6224529
227,228,1154,"4040 Rae Street, Regina, SK, S4S 3A3",2,1.0,0,1,1,0,1,910,0,0,0,0,1,0,0,0,0,0,0,0,1,0,1,0,0,0,0,0,0,0,0,0,0,0,50.4152497,-104.6210282
228,229,1154,"4020 Robinson Street, Regina, SK, S4S 3C9",2,1.0,0,1,1,0,1,720,0,0,0,0,1,0,0,0,0,0,0,0,1,0,1,0,0,0,0,0,0,0,0,0,0,0,50.414744,-104.623898
229,230,854,"3854 Rae Street, Regina, SK, S4S 3A1",1,1.0,0,1,1,0,1,480,0,0,0,0,1,0,0,0,0,0,0,0,1,0,1,0,0,0,0,0,0,0,0,0,0,0,50.41858,-104.621018
230,231,999,"4030 Rae Street, Regina, SK, S4S 3A3",2,1.0,0,1,1,0,1,910,0,0,0,0,1,0,0,0,0,0,0,0,1,0,1,0,0,0,0,0,0,0,0,0,0,0,50.4152497,-104.6210282
231,232,864,"1538 Alexandra Street, Regina, SK, S4T 4N9",1,1.0,0,1,1,0,1,480,0,0,1,0,1,0,0,0,0,0,0,0,1,0,1,1,0,0,0,0,0,0,0,0,0,0,50.455447,-104.643791
232,233,1104,"1520 Alexandra Street, Regina, SK, S4T 4N9",2,1.0,0,1,1,0,1,880,0,0,0,0,1,0,0,0,0,0,0,0,1,0,1,0,0,0,0,0,0,0,0,0,0,0,50.455447,-104.643791
233,234,1154,"2821 Parliament Ave, Regina, SK, S4S 2L1",2,1.0,0,1,1,0,1,910,0,0,0,0,1,0,0,0,0,0,0,0,1,0,1,0,0,0,0,0,0,0,0,0,0,0,50.415392,-104.621739
234,235,734,"2924 Parliament Ave, Regina, SK, S4S 2L4",1,1.0,0,1,1,0,1,320,0,0,0,0,1,0,0,0,0,0,0,0,1,0,1,0,0,0,0,0,0,0,0,0,0,0,50.415614,-104.622717
235,236,994,"4150 Rae Street, Regina, SK, S4S 3A4",1,1.0,0,1,1,0,1,675,0,0,0,0,1,0,0,0,0,0,0,0,1,0,1,0,0,0,0,0,0,0,0,0,0,0,50.413591,-104.621144
236,237,1030,"2240 Robinson Street, Regina, SK, S4T 2P9",2,1.0,0,1,1,0,1,870,0,1,0,0,1,0,0,0,0,0,0,0,1,0,1,1,0,0,0,0,0,0,0,0,0,0,50.4436708,-104.6239575
237,238,850,"2175  Rae Street, Regina, SK, S4T 2E8",1,1.0,0,1,1,0,1,380,0,1,0,0,1,0,0,0,0,0,0,0,1,0,1,1,0,0,0,0,0,0,0,0,0,0,50.445121,-104.621029
238,239,1285,"3928 Green Falls Drive, Regina, SK, S4V 3M1",2,1.0,0,1,1,0,1,840,0,1,0,0,1,0,0,0,0,0,0,0,0,1,1,0,1,0,0,0,1,1,1,0,1,0,50.431637,-104.550761
239,240,1319,"75 Cavendish St., Regina, SK, S4N 5B9",3,1.5,0,0,0,1,1,1047,0,0,1,0,0,0,0,0,0,1,0,1,1,0,1,0,1,0,0,0,0,0,0,0,1,1,50.455052,-104.530198
240,241,725,"3955 Robinson Street, Regina, SK, S4S 3C7",1,1.0,0,1,1,0,1,480,0,0,0,0,1,0,0,0,0,0,0,0,1,0,1,0,0,0,0,0,0,0,0,0,0,0,50.416219,-104.623885
241,242,1174,"4140 Rae Street, Regina, SK, S4S 3A4",2,1.0,0,1,1,0,1,910,0,0,0,0,1,0,0,0,0,0,0,0,1,0,1,0,0,0,0,0,0,0,0,0,0,0,50.413591,-104.621144
242,243,1154,"4130 Rae Street, Regina, SK, S4S 3A4",2,1.0,0,1,1,0,1,910,0,0,0,0,1,0,0,0,0,0,0,0,1,0,1,0,0,0,0,0,0,0,0,0,0,0,50.413591,-104.621144
243,244,1074,"4029 Retallack Street, Regina, SK, S4S 3C2",2,1.0,0,1,1,0,1,910,0,0,0,0,1,0,0,0,0,0,0,0,1,0,1,0,0,0,0,0,0,0,0,0,0,0,50.415345,-104.622466
244,245,849,"3955 Retallack Street, Regina, SK, S4S 3C1",1,1.0,0,1,1,0,1,675,0,0,0,0,1,0,0,0,0,0,0,0,1,0,1,0,0,0,0,0,0,0,0,0,0,0,50.416322,-104.62233
245,246,1074,"3918 Rae Street, Regina, SK, S4S 3A2",2,1.0,0,1,1,0,1,910,0,0,0,0,1,0,0,0,0,0,0,0,1,0,1,0,0,0,0,0,0,0,0,0,0,0,50.417045,-104.621031
246,247,1684,"68 Rae Street, Regina, SK, S4S 3A4",2,1.0,0,0,0,0,1,1848,0,0,0,0,0,0,0,0,1,0,0,0,1,0,1,0,0,0,0,0,0,0,0,0,0,0,50.413591,-104.621144
247,248,1014,"4049 Retallack Street, Regina, SK, S4S 3C2",1,1.0,0,1,1,0,1,675,0,0,0,0,1,0,0,0,0,0,0,0,1,0,1,0,0,0,0,0,0,0,0,0,0,0,50.415345,-104.622466
248,249,994,"4120 Retallack Street, Regina, SK, S4S 3C3",1,1.0,0,1,1,0,1,675,0,0,0,0,1,0,0,0,0,0,0,0,1,0,1,0,0,0,0,0,0,0,0,0,0,0,50.4143456,-104.6224529
249,250,1074,"2935 Parliament Avenue, Regina, SK, S4S 2L3",2,1.0,0,1,1,0,1,910,0,0,0,0,1,0,0,0,0,0,0,0,1,0,1,0,0,0,0,0,0,0,0,0,0,0,50.415392,-104.623167
250,251,1154,"2805 Parliament Ave, Regina, SK, S4S 2L1",2,1.0,0,1,1,0,1,910,0,0,0,0,1,0,0,0,0,0,0,0,1,0,1,0,0,0,0,0,0,0,0,0,0,0,50.415392,-104.621739
251,252,854,"4150 Rae Street, Regina, SK, S4S 3A4",1,1.0,0,1,1,0,1,480,0,0,0,0,1,0,0,0,0,0,0,0,1,0,1,0,0,0,0,0,0,0,0,0,0,0,50.413591,-104.621144
252,253,1154,"3930 Rae Street, Regina, SK, S4S 3A2",2,1.0,0,1,1,0,1,910,0,0,0,0,1,0,0,0,0,0,0,0,1,0,1,0,0,0,0,0,0,0,0,0,0,0,50.417045,-104.621031
253,254,999,"4150 Rae Street, Regina, SK, S4S 3A4",2,1.0,0,1,1,0,1,910,0,0,0,0,1,0,0,0,0,0,0,0,1,0,1,0,0,0,0,0,0,0,0,0,0,0,50.413591,-104.621144
254,255,1134,"2121 Smith Street, Regina, SK, S4P 2P3",2,1.0,0,1,1,0,1,910,0,0,0,0,1,0,0,0,0,0,0,0,1,0,1,1,0,0,0,0,0,0,0,0,0,0,50.444657,-104.615192
255,256,794,"4020 Robinson Street, Regina, SK, S4S 3C9",1,1.0,0,1,1,0,1,675,0,0,0,0,1,0,0,0,0,0,0,0,1,0,1,0,0,0,0,0,0,0,0,0,0,0,50.414744,-104.623898
256,257,849,"3954 Retallack Street, Regina, SK, S4S 3B9",1,1.0,0,1,1,0,1,675,0,0,0,0,1,0,0,0,0,0,0,0,1,0,1,0,0,0,0,0,0,0,0,0,0,0,50.417045,-104.622474
257,258,725,"4020 Robinson Street, Regina, SK, S4S 3C9",1,1.0,0,1,1,0,1,320,0,0,0,0,1,0,0,0,0,0,0,0,1,0,1,0,0,0,0,0,0,0,0,0,0,0,50.414744,-104.623898
258,259,1074,"4039 Retallack Street, Regina, SK, S4S 3C2",2,1.0,0,1,1,0,1,910,0,0,0,0,1,0,0,0,0,0,0,0,1,0,1,0,0,0,0,0,0,0,0,0,0,0,50.415345,-104.622466
259,260,1154,"4076 Rae Street, Regina, SK, S4S 3A3",2,1.0,0,1,1,0,1,910,0,0,0,0,1,0,0,0,0,0,0,0,1,0,1,0,0,0,0,0,0,0,0,0,0,0,50.4152497,-104.6210282
260,261,754,"2935 Parliament Avenue, Regina, SK, S4S 2L3",1,1.0,0,1,1,0,1,320,0,0,0,0,1,0,0,0,0,0,0,0,1,0,1,0,0,0,0,0,0,0,0,0,0,0,50.415392,-104.623167
261,262,734,"3025 Parliament Avenue, Regina, SK, S4S 2L6",1,1.0,0,1,1,0,1,320,0,0,0,0,1,0,0,0,0,0,0,0,1,0,1,0,0,0,0,0,0,0,0,0,0,0,50.415394,-104.62461
262,263,864,"1544 Alexandra Street, Regina, SK, S4T 4N9",1,1.0,0,1,1,0,1,480,0,0,0,0,1,0,0,0,0,0,0,0,1,0,1,0,0,0,0,0,0,0,0,0,0,0,50.455447,-104.643791
263,264,994,"2805 Parliament Ave, Regina, SK, S4S 2L1",1,1.0,0,1,1,0,1,675,0,0,0,0,1,0,0,0,0,0,0,0,1,0,1,0,0,0,0,0,0,0,0,0,0,0,50.415392,-104.621739
264,265,734,"4019 Retallack Street, Regina, SK, S4S 3C2",1,1.0,0,1,1,0,1,320,0,0,0,0,1,0,0,0,0,0,0,0,1,0,1,0,0,0,0,0,0,0,0,0,0,0,50.415345,-104.622466
265,266,854,"4049 Retallack Street, Regina, SK, S4S 3C2",1,1.0,0,1,1,0,1,480,0,0,0,0,1,0,0,0,0,0,0,0,1,0,1,0,0,0,0,0,0,0,0,0,0,0,50.415345,-104.622466
266,267,1154,"3025 Parliament Avenue, Regina, SK, S4S 2L6",2,1.0,0,1,1,0,1,720,0,0,0,0,1,0,0,0,0,0,0,0,1,0,1,0,0,0,0,0,0,0,0,0,0,0,50.415394,-104.62461
267,268,725,"3955 Retallack Street, Regina, SK, S4S 3C1",1,1.0,0,1,1,0,1,480,0,0,0,0,1,0,0,0,0,0,0,0,1,0,1,0,0,0,0,0,0,0,0,0,0,0,50.416322,-104.62233
268,269,854,"3954 Rae Street, Regina, SK, S4S 3A2",1,1.0,0,1,1,0,1,480,0,0,0,0,1,0,0,0,0,0,0,0,1,0,1,0,0,0,0,0,0,0,0,0,0,0,50.417045,-104.621031
269,270,974,"1544 Alexandra Street, Regina, SK, S4T 4N9",1,1.0,0,1,1,0,1,650,0,0,0,0,1,0,0,0,0,0,0,0,1,0,1,0,0,0,0,0,0,0,0,0,0,0,50.455447,-104.643791
270,271,1134,"2155 Rose Street, Regina, SK, S4P 2A5",2,1.0,0,1,1,0,1,910,0,0,0,0,1,0,0,0,0,0,0,0,1,0,1,0,0,0,0,0,0,0,0,0,0,0,50.444226,-104.6079823
271,272,849,"4039 Retallack Street, Regina, SK, S4S 3C2",1,1.0,0,1,1,0,1,675,0,0,0,0,1,0,0,0,0,0,0,0,1,0,1,0,0,0,0,0,0,0,0,0,0,0,50.415345,-104.622466
272,273,949,"4114 Rae Street, Regina, SK, S4S 3A4",2,1.0,0,1,1,0,1,910,0,0,0,0,1,0,0,0,0,0,0,0,1,0,1,0,0,0,0,0,0,0,0,0,0,0,50.413591,-104.621144
273,274,814,"3864 Rae Street, Regina, SK, S4S 3A1",1,1.0,0,1,1,0,1,675,0,0,0,0,1,0,0,0,0,0,0,0,1,0,1,0,0,0,0,0,0,0,0,0,0,0,50.41858,-104.621018
274,275,935,"505 Rose St, Regina, SK S4R 1Z4, Canada",2,1.0,0,1,1,1,0,800,0,1,0,0,1,0,0,0,0,0,0,0,0,0,1,1,0,0,0,0,0,0,0,0,1,0,50.470701,-104.607933
275,276,1300,"331  Broad Street North, Regina, SK, S4R 2X8",2,2.0,0,1,1,0,1,832,0,1,0,0,1,0,0,0,0,0,0,0,1,0,1,1,0,0,0,0,0,0,0,0,1,0,50.4809322,-104.6064483
276,277,938,"22-41 Munroe Pl., Regina, SK, S4S 6A7",2,1.0,0,1,1,0,1,860,0,0,1,0,1,0,0,0,0,0,0,1,1,0,1,1,0,1,0,0,0,0,0,1,1,0,50.414254,-104.599335
277,278,949,"4114 Rae Street, Regina, SK, S4S 3A4",2,1.0,0,1,1,0,1,910,0,0,0,0,1,0,0,0,0,0,0,0,1,0,1,0,0,0,0,0,0,0,0,0,0,0,50.413591,-104.621144
278,279,854,"4029 Retallack Street, Regina, SK, S4S 3C2",1,1.0,0,1,1,0,1,480,0,0,0,0,1,0,0,0,0,0,0,0,1,0,1,0,0,0,0,0,0,0,0,0,0,0,50.415345,-104.622466
279,280,999,"4122 Rae Street, Regina, SK, S4S 3A4",2,1.0,0,1,1,0,1,910,0,0,0,0,1,0,0,0,0,0,0,0,1,0,1,0,0,0,0,0,0,0,0,0,0,0,50.413591,-104.621144
280,281,699,"2835 Parliament Ave, Regina, SK, S4S 2L1",1,1.0,0,1,1,0,1,320,0,0,0,0,1,0,0,0,0,0,0,0,1,0,1,0,0,0,0,0,0,0,0,0,0,0,50.415392,-104.621739
281,282,999,"2915 Parliament Ave, Regina, SK, S4S 2L3",2,1.0,0,1,1,0,1,720,0,0,0,0,1,0,0,0,0,0,0,0,1,0,1,0,0,0,0,0,0,0,0,0,0,0,50.415392,-104.623167
282,283,994,"4114 Rae Street, Regina, SK, S4S 3A4",1,1.0,0,1,1,0,1,675,0,0,0,0,1,0,0,0,0,0,0,0,1,0,1,0,0,0,0,0,0,0,0,0,0,0,50.413591,-104.621144
283,284,1154,"3026 Parliament Avenue, Regina, SK, S4S 2L5",2,1.0,0,1,1,0,1,910,0,0,0,0,1,0,0,0,0,0,0,0,1,0,1,0,0,0,0,0,0,0,0,0,0,0,50.415477,-104.624051
284,285,854,"3940 Retallack Street, Regina, SK, S4S 3B9",1,1.0,0,1,1,0,1,480,0,0,0,0,1,0,0,0,0,0,0,0,1,0,1,0,0,0,0,0,0,0,0,0,0,0,50.417045,-104.622474
285,286,799,"2935 Parliament Avenue, Regina, SK, S4S 2L3",1,1.0,0,1,1,0,1,675,0,0,0,0,1,0,0,0,0,0,0,0,1,0,1,0,0,0,0,0,0,0,0,0,0,0,50.415392,-104.623167
286,287,754,"3918 Rae Street, Regina, SK, S4S 3A2",1,1.0,0,1,1,0,1,480,0,0,0,0,1,0,0,0,0,0,0,0,1,0,1,0,0,0,0,0,0,0,0,0,0,0,50.417045,-104.621031
287,288,754,"3929 Retallack Street, Regina, SK, S4S 3C1",1,1.0,0,1,1,0,1,480,0,0,0,0,1,0,0,0,0,0,0,0,1,0,1,0,0,0,0,0,0,0,0,0,0,0,50.416322,-104.62233
288,289,814,"2915 Parliament Ave, Regina, SK, S4S 2L3",1,1.0,0,1,1,0,1,675,0,0,0,0,1,0,0,0,0,0,0,0,1,0,1,0,0,0,0,0,0,0,0,0,0,0,50.415392,-104.623167
289,290,994,"4122 Rae Street, Regina, SK, S4S 3A4",1,1.0,0,1,1,0,1,675,0,0,0,0,1,0,0,0,0,0,0,0,1,0,1,0,0,0,0,0,0,0,0,0,0,0,50.413591,-104.621144
290,291,799,"3025 Parliament Avenue, Regina, SK, S4S 2L6",1,1.0,0,1,1,0,1,675,0,0,0,0,1,0,0,0,0,0,0,0,1,0,1,0,0,0,0,0,0,0,0,0,0,0,50.415394,-104.62461
291,292,799,"3918 Rae Street, Regina, SK, S4S 3A2",1,1.0,0,1,1,0,1,675,0,0,0,0,1,0,0,0,0,0,0,0,1,0,1,0,0,0,0,0,0,0,0,0,0,0,50.417045,-104.621031
292,293,799,"3026 Parliament Avenue, Regina, SK, S4S 2L5",1,1.0,0,1,1,0,1,675,0,0,0,0,1,0,0,0,0,0,0,0,1,0,1,0,0,0,0,0,0,0,0,0,0,0,50.415477,-104.624051
293,294,794,"3941 Retallack Street, Regina, SK, S4S 3C1",1,1.0,0,1,1,0,1,675,0,0,0,0,1,0,0,0,0,0,0,0,1,0,1,0,0,0,0,0,0,0,0,0,0,0,50.416322,-104.62233
294,295,854,"4030 Rae Street, Regina, SK, S4S 3A3",1,1.0,0,1,1,0,1,480,0,0,0,0,1,0,0,0,0,0,0,0,1,0,1,0,0,0,0,0,0,0,0,0,0,0,50.4152497,-104.6210282
295,296,814,"4030 Rae Street, Regina, SK, S4S 3A3",1,1.0,0,1,1,0,1,675,0,0,0,0,1,0,0,0,0,0,0,0,1,0,1,0,0,0,0,0,0,0,0,0,0,0,50.4152497,-104.6210282
296,297,994,"4029 Retallack Street, Regina, SK, S4S 3C2",1,1.0,0,1,1,0,1,675,0,0,0,0,1,0,0,0,0,0,0,0,1,0,1,0,0,0,0,0,0,0,0,0,0,0,50.415345,-104.622466
297,298,849,"2835 Parliament Ave, Regina, SK, S4S 2L1",1,1.0,0,1,1,0,1,675,0,0,0,0,1,0,0,0,0,0,0,0,1,0,1,0,0,0,0,0,0,0,0,0,0,0,50.415392,-104.621739
298,299,699,"2155 Rose Street, Regina, SK, S4P 2A5",1,1.0,0,1,1,0,1,320,0,0,0,0,1,0,0,0,0,0,0,0,1,0,1,0,0,0,0,0,0,0,0,0,0,0,50.444226,-104.6079823
299,300,799,"3954 Rae Street, Regina, SK, S4S 3A2",1,1.0,0,1,1,0,1,675,0,0,0,0,1,0,0,0,0,0,0,0,1,0,1,0,0,0,0,0,0,0,0,0,0,0,50.417045,-104.621031
300,301,849,"4110 Rae Street, Regina, SK, S4S 3A4",1,1.0,0,1,1,0,1,675,0,0,0,0,1,0,0,0,0,0,0,0,1,0,1,0,0,0,0,0,0,0,0,0,0,0,50.413591,-104.621144
301,302,854,"4110 Rae Street, Regina, SK, S4S 3A4",1,1.0,0,1,1,0,1,480,0,0,0,0,1,0,0,0,0,0,0,0,1,0,1,0,0,0,0,0,0,0,0,0,0,0,50.413591,-104.621144
302,303,854,"3900 Rae Street, Regina, SK, S4S 3A2",1,1.0,0,1,1,0,1,480,0,0,0,0,1,0,0,0,0,0,0,0,1,0,1,0,0,0,0,0,0,0,0,0,0,0,50.417045,-104.621031
303,304,854,"4076 Rae Street, Regina, SK, S4S 3A3",1,1.0,0,1,1,0,1,480,0,0,0,0,1,0,0,0,0,0,0,0,1,0,1,0,0,0,0,0,0,0,0,0,0,0,50.4152497,-104.6210282
304,305,974,"1520 Alexandra Street, Regina, SK, S4T 4N9",1,1.0,0,1,1,0,1,650,0,0,0,0,1,0,0,0,0,0,0,0,1,0,1,0,0,0,0,0,0,0,0,0,0,0,50.455447,-104.643791
305,306,889,"3900 Rae Street, Regina, SK, S4S 3A2",1,1.0,0,1,1,0,1,675,0,0,0,0,1,0,0,0,0,0,0,0,1,0,1,0,0,0,0,0,0,0,0,0,0,0,50.417045,-104.621031
306,307,814,"2924 Parliament Ave, Regina, SK, S4S 2L4",1,1.0,0,1,1,0,1,675,0,0,0,0,1,0,0,0,0,0,0,0,1,0,1,0,0,0,0,0,0,0,0,0,0,0,50.415614,-104.622717
307,308,799,"3929 Retallack Street, Regina, SK, S4S 3C1",1,1.0,0,1,1,0,1,675,0,0,0,0,1,0,0,0,0,0,0,0,1,0,1,0,0,0,0,0,0,0,0,0,0,0,50.416322,-104.62233
308,309,814,"4076 Rae Street, Regina, SK, S4S 3A3",1,1.0,0,1,1,0,1,675,0,0,0,0,1,0,0,0,0,0,0,0,1,0,1,0,0,0,0,0,0,0,0,0,0,0,50.4152497,-104.6210282
309,310,849,"4019 Retallack Street, Regina, SK, S4S 3C2",1,1.0,0,1,1,0,1,675,0,0,0,0,1,0,0,0,0,0,0,0,1,0,1,0,0,0,0,0,0,0,0,0,0,0,50.415345,-104.622466
310,311,854,"3941 Retallack Street, Regina, SK, S4S 3C1",1,1.0,0,1,1,0,1,480,0,0,0,0,1,0,0,0,0,0,0,0,1,0,1,0,0,0,0,0,0,0,0,0,0,0,50.416322,-104.62233
311,312,725,"2121 Smith Street, Regina, SK, S4P 2P3",1,1.0,0,1,1,0,1,320,0,0,0,0,1,0,0,0,0,0,0,0,1,0,1,1,0,0,0,0,0,0,0,0,0,0,50.444657,-104.615192
312,313,699,"1520 Alexandra Street, Regina, SK, S4T 4N9",1,1.0,0,1,1,0,1,320,0,0,0,0,1,0,0,0,0,0,0,0,1,0,1,0,0,0,0,0,0,0,0,0,0,0,50.455447,-104.643791
313,314,799,"3854 Rae Street, Regina, SK, S4S 3A1",1,1.0,0,1,1,0,1,675,0,0,0,0,1,0,0,0,0,0,0,0,1,0,1,0,0,0,0,0,0,0,0,0,0,0,50.41858,-104.621018
314,315,849,"3525 Avonhurst Dr, Regina, SK, S4R 3K2",2,1.0,0,1,1,0,1,763,0,0,0,0,1,0,0,0,0,0,0,0,1,0,1,1,0,0,0,0,0,0,0,0,0,1,50.474007,-104.632346
315,316,1319,"75 Cavendish St., Regina, SK, S4N 5B9",3,1.5,0,0,0,1,1,1047,0,0,1,0,0,0,0,0,0,1,0,1,1,0,1,0,1,0,0,0,0,0,0,0,1,1,50.455052,-104.530198
316,317,799,"1424 Victoria Ave, Regina, SK, S4P 0P3",1,1.0,0,1,1,0,1,520,0,0,0,0,1,0,0,0,0,0,0,0,1,0,1,0,0,0,0,0,0,0,0,0,0,0,50.447245,-104.600769
317,318,935,"505 Rose St, Regina, SK S4R 1Z4, Canada",2,1.0,0,1,1,1,0,800,0,1,0,0,1,0,0,0,0,0,0,0,0,0,1,1,0,0,0,0,0,0,0,0,1,0,50.470701,-104.607933
318,319,814,"3864 Rae Street, Regina, SK, S4S 3A1",1,1.0,0,1,1,0,1,675,0,0,0,0,1,0,0,0,0,0,0,0,1,0,1,0,0,0,0,0,0,0,0,0,0,0,50.41858,-104.621018
319,320,854,"801 Grey Street, Regina, SK, S4T 5G8",1,1.0,0,1,1,0,1,480,0,0,0,0,1,0,0,0,0,0,0,0,1,0,1,0,0,0,0,0,0,0,0,0,0,0,50.464843,-104.655319
320,321,814,"3864 Rae Street, Regina, SK, S4S 3A1",1,1.0,0,1,1,0,1,675,0,0,0,0,1,0,0,0,0,0,0,0,1,0,1,0,0,0,0,0,0,0,0,0,0,0,50.41858,-104.621018
321,322,675,"2821 Parliament Ave, Regina, SK, S4S 2L1",1,1.0,0,1,1,0,1,320,0,0,0,0,1,0,0,0,0,0,0,0,1,0,1,0,0,0,0,0,0,0,0,0,0,0,50.415392,-104.621739
322,323,994,"2821 Parliament Ave, Regina, SK, S4S 2L1",1,1.0,0,1,1,0,1,675,0,0,0,0,1,0,0,0,0,0,0,0,1,0,1,0,0,0,0,0,0,0,0,0,0,0,50.415392,-104.621739
323,324,879,"2121 Smith Street, Regina, SK, S4P 2P3",1,1.0,0,1,1,0,1,675,0,0,0,0,1,0,0,0,0,0,0,0,1,0,1,1,0,0,0,0,0,0,0,0,0,0,50.444657,-104.615192
324,325,854,"3864 Rae Street, Regina, SK, S4S 3A1",1,1.0,0,1,1,0,1,480,0,0,0,0,1,0,0,0,0,0,0,0,1,0,1,0,0,0,0,0,0,0,0,0,0,0,50.41858,-104.621018
325,326,1189,"22-41 Munroe Pl., Regina, SK, S4S 6A7",2,1.0,0,1,1,1,1,860,0,1,1,0,1,0,0,0,0,0,0,1,1,0,1,1,0,1,0,0,0,0,0,1,1,0,50.414254,-104.599335
326,327,1300,"S4P3y8, Canada",1,1.0,0,1,1,1,0,632,1,0,0,0,0,0,1,0,0,0,0,0,1,1,1,0,1,0,0,0,0,0,0,0,1,0,50.4424462,-104.6166159
327,328,1100,"Blake Cres, Regina, SK S4X, Canada",2,1.0,0,0,0,1,0,875,0,1,0,0,0,0,0,0,0,1,0,0,1,1,1,0,1,0,0,0,0,0,0,0,1,0,50.508181,-104.660468
329,330,940,"331  Broad Street North, Regina, SK, S4R 2X8",1,1.0,0,1,1,0,1,659,0,1,0,0,1,0,0,0,0,0,0,0,1,0,1,1,0,0,0,0,0,0,0,0,1,0,50.4809322,-104.6064483
330,331,1250,"Froom Crescent, Regina, SK S4N 1B7, Canada",2,1.0,0,1,1,2,0,1050,0,1,0,0,0,0,0,0,1,0,1,1,1,0,1,1,0,0,0,0,0,0,0,0,1,1,50.441957,-104.564223
331,332,915,"2178 Osler St, Regina, SK S4P 1W6, Canada",2,1.0,0,1,1,1,0,900,0,1,0,0,1,0,0,0,0,0,0,0,0,0,1,1,0,1,0,0,0,0,0,1,1,0,50.445445,-104.60491
332,333,1085,"2131 Angus Street, Regina, SK, S4T 2A1",2,1.0,0,1,1,0,1,875,0,1,0,0,1,0,0,0,0,0,0,0,1,0,1,1,0,0,0,0,0,0,0,0,1,0,50.445149,-104.619638
333,334,1690,", S4N 1L6, Regina, SK",3,1.5,0,0,0,3,0,1100,0,1,0,0,0,0,0,0,1,0,0,0,1,1,1,1,0,0,0,0,0,0,0,0,0,1,50.451886,-104.551279
334,335,800,"S4S4G2, Canada",1,1.0,0,1,1,1,0,700,0,0,0,0,1,0,0,0,0,0,0,0,0,0,1,1,0,0,0,0,0,0,0,0,0,0,50.4179646,-104.6148542
335,336,850,"S4T 2G 3, Canada",1,1.0,0,1,1,1,0,700,0,1,0,0,1,0,0,0,0,0,0,0,0,0,1,1,0,0,0,0,0,0,0,0,0,0,50.4416,-104.6208
336,337,600,"S4X0C2, Canada",1,1.0,1,1,0,1,0,700,1,0,0,0,0,1,0,0,0,0,1,1,0,1,1,1,1,0,0,0,0,0,0,0,0,1,50.4980928,-104.6442253
337,338,1445,"5200 Parliament Ave, Regina, SK S4W 0R5, Canada",2,2.0,0,1,1,2,1,857,0,1,0,1,1,0,0,0,0,0,0,0,0,1,1,0,1,0,0,0,0,0,0,0,1,0,50.44065,-104.649629
338,339,1750,"14 Milford Crescent, Regina, SK S4N 1K7, Canada",3,2.0,0,0,0,3,1,1300,0,1,0,1,0,0,0,0,1,0,0,0,1,1,1,1,1,0,0,0,0,0,0,0,1,1,50.452663,-104.5512115
339,340,1000,"2140 9th Ave N, Regina, SK S4R 7Z8, Canada",2,1.0,0,1,1,1,0,840,0,1,1,0,1,0,0,0,0,0,0,0,0,1,1,1,0,1,1,0,0,0,0,0,1,0,50.484362,-104.612213
340,341,900,"2140 9th Ave N, Regina, SK S4R 7Z8, Canada",1,1.0,0,1,1,1,0,730,0,1,1,0,1,0,0,0,0,0,0,0,0,0,1,1,0,1,1,0,0,0,0,0,1,0,50.484362,-104.612213
342,343,900,"2250 Rose St., Regina, SK, S4P 2A7",2,1.0,0,1,1,0,0,900,0,0,0,0,1,0,0,0,0,0,0,0,1,0,1,1,0,0,0,0,0,0,0,0,0,0,50.443213,-104.608118
344,345,1285,"2275 McIntyre St, Regina, SK S4P 2S1, Canada",2,2.0,1,1,1,2,0,1400,0,1,0,0,0,0,1,0,0,0,0,0,1,1,1,0,1,0,0,0,1,0,0,0,1,0,50.443242,-104.616468
346,347,700,"1765 Hamilton St, Regina, SK S4P 2B4, Canada",1,1.0,0,1,1,0,0,350,0,0,0,0,1,0,0,0,0,0,0,0,1,0,1,1,0,0,0,0,0,0,0,0,0,0,50.451348,-104.609393
347,348,1285,"2275 McIntyre St, Regina, SK S4P 2S1, Canada",2,2.0,1,1,1,2,0,1400,0,1,1,0,0,0,1,0,0,0,0,0,1,1,1,0,1,0,0,0,1,0,0,0,1,0,50.443242,-104.616468
348,349,450,"Harvey St, Regina, SK S4N 2M7, Canada",1,1.0,0,1,1,1,0,90,0,0,0,0,0,0,0,0,1,0,0,0,1,0,1,0,0,0,0,0,0,0,0,0,0,0,50.446931,-104.578268
349,350,1950,"5321 Squires Rd, Regina, SK S4W 0L8, Canada",3,2.5,0,0,0,2,1,1475,0,0,0,0,0,0,0,0,1,0,0,0,1,1,1,0,1,0,0,0,0,0,0,0,0,1,50.409867,-104.657634
350,351,1900,"Green Jade Ln, Regina, SK S4V 3K7加拿大",3,2.0,0,0,0,1,1,1044,1,1,0,0,0,0,0,0,0,1,0,0,1,1,1,0,1,0,0,0,0,0,0,0,0,1,50.431637,-104.550761
351,352,715,"25 Shaw St, Regina, SK S4R 3M5, Canada",1,1.0,0,1,1,1,0,800,0,0,1,0,1,0,0,0,0,0,0,0,0,0,1,1,0,0,0,0,0,0,0,1,0,0,50.480423,-104.621977
352,353,1350,"2727 Victoria Ave, Regina, SK S4T 1K4, Canada",1,1.5,0,1,1,1,0,1193,0,1,0,1,0,0,1,0,0,0,0,0,1,0,1,0,1,0,0,0,1,0,0,0,1,0,50.447111,-104.619771
353,354,750,"2104  14th Ave, Regina, SK, S4P 0X6",1,1.0,0,1,1,0,1,343,0,0,0,0,1,0,0,0,0,0,0,0,1,0,1,1,0,0,0,0,0,0,0,0,0,0,50.4440233,-104.6158508
354,355,849,"3525 Avonhurst Dr, Regina, SK, S4R 3K2",2,1.0,0,1,1,0,1,763,0,0,0,0,1,0,0,0,0,0,0,0,1,0,1,1,0,0,0,0,0,0,0,0,0,1,50.474007,-104.632346
355,356,940,"331  Broad Street North, Regina, SK, S4R 2X8",1,1.0,0,1,1,0,1,659,0,1,0,0,1,0,0,0,0,0,0,0,1,0,1,1,0,0,0,0,0,0,0,0,1,0,50.4809322,-104.6064483
356,357,1319,"75 Cavendish St., Regina, SK, S4N 5B9",3,1.5,0,0,0,1,1,1047,0,0,1,0,0,0,0,0,0,1,0,1,1,0,1,0,1,0,0,0,0,0,0,0,1,1,50.455052,-104.530198
357,358,1200,"2190 Broder St, Regina, SK S4N 3S4, Canada",2,1.0,0,0,0,2,0,900,0,1,0,0,0,1,0,0,0,0,0,0,1,1,1,0,1,0,0,0,0,0,0,0,0,1,50.445424,-104.590789
358,359,1600,"3364 Grant Rd, Regina, SK S4S 5H5加拿大",3,2.0,1,1,1,1,1,1200,1,0,1,0,0,0,0,0,0,1,1,1,1,0,1,1,1,0,0,0,0,0,0,0,0,0,50.408526,-104.596985
359,360,1319,"75 Cavendish St., Regina, SK, S4N 5B9",3,1.5,0,0,0,1,1,1047,0,0,1,0,0,0,0,0,0,1,0,1,1,0,1,0,1,0,0,0,0,0,0,0,1,1,50.455052,-104.530198
360,361,1200,"31 Rodenbush Dr, Regina, SK S4R 7W7, Canada",1,1.0,1,1,1,1,0,730,1,1,0,0,0,0,1,0,0,0,0,1,0,1,1,1,0,0,0,0,0,0,0,0,1,0,50.494422,-104.597984
361,362,1900,"Regina Airport, 5201 Regina Ave #1, Regina, SK S4W 1B3, Canada",3,1.5,1,1,1,2,1,900,1,1,0,0,0,0,0,0,1,0,1,1,0,1,1,0,1,0,0,0,0,0,0,0,0,1,50.466657,-104.655445
362,363,1800,"1901 Victoria Ave, Regina, SK S4P 3R4, Canada",2,2.0,1,1,1,1,1,1350,1,1,0,0,0,0,1,0,0,0,1,1,0,1,1,0,1,1,1,0,1,0,0,1,1,0,50.447085,-104.60869
363,364,795,"2167 Angus St, Regina, SK S4T 2A1, Canada",1,1.0,0,0,1,1,0,650,0,1,0,0,0,0,1,0,0,0,0,0,1,0,1,0,1,0,0,0,0,0,0,0,1,0,50.445149,-104.619638
364,365,995,"2001 Cornwall St, Regina, SK S4P 3X9, Canada",1,1.0,0,1,1,1,0,654,0,1,0,0,1,0,0,0,0,0,0,0,1,0,1,1,0,0,0,0,1,1,0,0,0,0,50.447003,-104.612242
365,366,1000,"339A Montreal St, Regina, SK S4R 8N4, Canada",2,2.0,0,0,1,1,0,900,0,1,0,0,0,0,0,1,0,0,0,0,0,0,1,0,1,0,0,0,0,0,0,0,0,0,50.484205,-104.598605
366,367,1000,"339A Montreal St, Regina, SK S4R 8N4, Canada",2,2.0,0,0,1,1,0,900,0,1,0,0,0,0,0,1,0,0,0,0,0,0,1,0,1,0,0,0,0,0,0,0,0,0,50.484205,-104.598605
367,368,960,"2167 Angus St, Regina, SK S4T 2A1, Canada",2,1.0,0,0,1,1,0,750,0,1,0,0,0,0,1,0,0,0,0,0,1,0,1,0,1,0,0,0,0,0,0,1,1,0,50.445149,-104.619638
368,369,800,"Cameron St, Regina, SK S4T 2S9, Canada",2,1.0,0,0,0,0,0,900,0,0,0,0,0,0,0,0,1,0,0,0,0,0,1,0,1,0,0,0,0,0,0,0,0,1,50.461029,-104.625419
369,370,1400,"2315 116, Regina S4P 3Y8 SK, Canada",2,1.0,1,1,1,1,0,770,0,1,0,0,0,0,1,0,0,0,0,0,1,1,1,0,1,0,0,0,0,0,0,0,1,0,50.4424462,-104.6166159
370,371,1450,"S4T2N9, Canada",3,2.0,0,0,0,3,0,2400,0,0,0,1,0,0,0,0,1,0,0,0,1,1,1,1,1,0,0,0,0,0,0,0,0,1,50.455086,-104.6239242
371,372,1368,"1701 Horizons Way, Regina, SK, S4Y 0G5",3,2.0,0,0,1,1,1,949,0,1,0,0,1,0,0,0,0,0,0,0,1,1,1,0,1,0,0,0,1,1,0,0,1,0,50.476789,-104.695286
372,373,1400,"2200 Francis St, Regina, SK S4N 2P5, Canada",2,1.0,1,1,1,1,0,900,0,1,0,0,0,0,0,1,0,0,0,0,1,1,1,1,0,0,0,0,0,0,0,0,0,1,50.443144,-104.579382
374,375,1100,"2053 Montague St, Regina, SK S4T 3J8, Canada",2,1.0,0,1,1,1,0,900,0,0,0,0,1,0,0,0,0,0,0,0,1,0,1,1,1,0,1,0,0,0,0,0,1,0,50.446918,-104.629721
375,376,1100,"235 King St, Regina, SK S4R 4H2, Canada",2,1.0,0,0,0,3,0,950,0,0,0,0,0,0,0,1,0,0,0,0,0,1,1,1,1,0,0,0,0,0,0,0,0,1,50.47544,-104.638405
376,377,765,"2131 Angus Street, Regina, SK, S4T 2A1",1,1.0,0,1,1,0,1,425,0,1,0,0,1,0,0,0,0,0,0,0,1,0,1,1,0,0,0,0,0,0,0,0,1,0,50.445149,-104.619638
377,378,1399,"4040 Gordon Rd., Regina, SK, S4S 6W2",2,1.0,1,1,1,1,1,900,0,1,1,0,1,0,0,0,0,0,0,1,1,0,1,1,0,1,0,0,1,1,0,0,1,0,50.4054515,-104.6404836
379,380,950,"2948 Quinn Dr, Regina, SK S4P 2W1, Canada",2,1.0,0,0,1,2,1,950,0,0,0,0,0,1,0,0,0,0,0,0,1,1,1,1,0,0,0,0,0,0,0,0,0,1,50.436672,-104.595182
381,382,1020,"26 Lorne Place, Regina, SK, S4R 8B3",2,1.0,0,1,1,0,1,743,0,1,0,0,1,0,0,0,0,0,0,0,1,1,1,1,0,0,0,0,0,0,0,0,1,0,50.48448,-104.61372
383,384,725,"2045 Wallace St, Regina, SK S4N 4A3, Canada",1,1.0,1,1,1,0,0,600,0,0,0,0,1,0,0,0,0,0,0,0,1,0,1,1,0,0,0,0,0,0,0,0,0,0,50.446327,-104.593635
384,385,900,"2051 Winnipeg St, Regina, SK S4P 1G7, Canada",2,1.0,0,0,0,1,0,800,0,0,0,0,0,1,0,0,0,0,0,0,1,0,1,0,1,0,0,0,0,0,0,0,0,0,50.447006,-104.595067
385,386,1000,"2135 Halifax St, Regina, SK S4P 1V1, Canada",2,1.0,0,0,1,1,0,700,0,0,0,0,1,0,0,0,0,0,0,0,1,0,1,1,0,0,0,0,0,0,0,0,0,0,50.445416,-104.603424
386,387,1050,"Edgar St, Regina, SK S4N, Canada",2,2.0,0,0,0,2,0,850,0,1,0,0,1,0,0,0,0,0,0,0,1,1,1,0,1,0,0,0,0,0,0,0,1,1,50.455928,-104.588009
387,388,1295,"5501 Prefontaine Ave, Regina, SK, S4W 0S3",2,1.0,0,1,1,0,1,840,0,1,0,0,1,0,0,0,0,0,0,0,1,1,1,0,1,0,0,0,1,1,0,0,1,0,50.439672,-104.648915
388,389,800,"1840 St John St, Regina, SK S4P 1R9, Canada",2,1.0,0,1,1,1,0,700,0,0,0,0,0,0,1,0,0,0,0,0,1,0,0,1,0,0,0,0,0,0,0,0,0,1,50.4500034,-104.6019867
389,390,900,"2408 Rothwell St, Regina, SK S4N 2C7, Canada",2,1.0,0,1,1,1,0,900,0,1,1,0,1,0,0,0,0,0,0,0,1,0,0,1,0,0,0,0,0,0,0,0,1,0,50.439768,-104.570701
390,391,850,", Regina s4t3x1 SK, Canada",1,1.0,1,1,1,1,0,700,0,0,0,0,0,1,0,0,0,0,1,1,1,0,0,1,0,0,0,0,0,0,0,0,0,1,50.44543,-104.634041
391,392,860,"2024  14th Ave, Regina, SK, S4P 0X5",1,1.0,0,1,1,0,1,376,0,0,0,0,1,0,0,0,0,0,0,0,1,0,1,1,0,0,0,0,0,0,0,0,0,0,50.444,-104.6101225
392,393,955,"2175  Rae Street, Regina, SK, S4T 2E8",1,1.0,0,1,1,0,1,622,0,1,0,0,1,0,0,0,0,0,0,0,1,0,1,1,0,0,0,0,0,0,0,0,0,0,50.445121,-104.621029
393,394,1450,"2157 Toronto St, Regina, SK S4P 0B8, Canada",3,1.0,0,0,0,1,0,1134,0,0,0,0,0,0,0,0,0,1,0,0,1,1,1,0,1,0,0,0,0,0,0,0,0,1,50.453474,-104.596384
394,395,1195,"26 Shaw St, Regina, SK S4R 3M4, Canada",2,1.0,0,1,1,1,0,850,1,1,0,0,0,0,1,0,0,0,0,0,0,0,1,1,0,1,1,0,0,0,0,1,0,0,50.4811905,-104.621971
395,396,1100,"67 Angus Rd, Regina, SK S4R 3L1, Canada",2,1.0,0,1,1,1,0,1140,0,1,0,0,1,0,0,0,0,0,0,0,0,0,1,1,0,0,0,0,1,0,0,1,1,0,50.479036,-104.620408
396,397,1500,"2315 McIntyre St, Regina, SK S4P 3Y8, Canada",2,1.0,1,1,1,1,0,750,0,1,0,0,0,0,1,0,0,0,0,0,1,0,1,0,1,0,0,0,0,0,0,0,1,0,50.4424462,-104.6166159
397,398,950,"2220 Robinson Street, Regina, SK, S4T 2P9",1,1.0,0,1,1,0,1,640,0,1,0,0,1,0,0,0,0,0,0,0,1,0,1,1,0,0,0,0,0,0,0,0,0,0,50.4436708,-104.6239575
398,399,1030,"2240 Robinson Street, Regina, SK, S4T 2P9",2,1.0,0,1,1,0,1,870,0,1,0,0,1,0,0,0,0,0,0,0,1,0,1,1,0,0,0,0,0,0,0,0,0,0,50.4436708,-104.6239575
399,400,850,"2901  5th Ave, Regina, SK, S4T 0L3",1,1.0,0,1,1,0,1,472,0,0,0,0,1,0,0,0,0,0,0,0,1,0,1,1,0,0,0,0,0,0,0,0,0,0,50.461418,-104.623503
400,401,600,", Regina S4P0P6 SK, Canada",1,1.0,1,1,1,1,0,300,0,0,0,0,1,0,0,0,0,0,0,0,1,0,1,1,0,0,0,0,0,0,0,0,0,0,50.447106,-104.602111
401,402,1098,"1701 Horizons Way, Regina, SK, S4Y 0G5",1,1.0,0,0,1,1,1,648,0,1,0,0,1,0,0,0,0,0,0,0,1,1,1,0,1,0,0,0,1,1,0,0,1,0,50.476789,-104.695286
402,403,1500,"3630 Haughton Rd, Regina, SK S4V 1P1, Canada",2,2.0,0,0,1,1,0,1100,0,1,0,0,0,0,1,0,0,0,0,0,0,1,1,0,1,1,1,0,1,0,0,0,1,0,50.432902,-104.544364
403,404,1150,"2170 Angus St, Regina, SK S4T 1Z9, Canada",2,1.0,0,0,0,2,0,1000,0,0,0,0,0,0,0,0,0,1,0,0,1,1,1,1,1,0,0,0,0,0,0,0,1,0,50.445417,-104.619637
404,405,1500,", S4W0H7, Regina, SK, Canada",2,1.5,0,0,0,1,0,960,0,1,0,0,0,0,0,0,0,1,0,0,1,1,1,0,1,0,0,0,0,0,0,0,0,1,50.436949,-104.649662
405,406,1100,"8702 Herman Cres, Regina, SK S4Y 1A6, Canada",2,1.0,1,1,1,1,0,800,0,1,0,0,0,1,0,0,0,0,1,0,1,1,1,0,1,0,0,0,0,0,0,0,0,0,50.481142,-104.703721
406,407,1250,"232 Rae st, S4R3L9, Regina, SK",2,1.0,0,0,0,3,0,800,0,1,0,0,0,0,0,0,1,0,0,0,1,1,1,1,0,0,0,0,0,0,0,0,0,1,50.474593,-104.621078
407,408,1650,", S0Z7G0, Pilot Butte, SK, Canada",5,2.0,0,0,0,3,0,4000,0,1,0,0,0,1,0,0,0,0,0,0,1,0,1,0,1,0,0,0,0,0,0,0,0,1,50.4792174,-104.4185798
409,410,799,"3525 Avonhurst Dr, Regina, SK, S4R 3K2",1,1.0,0,1,1,0,1,575,0,0,0,0,1,0,0,0,0,0,0,0,1,0,1,1,0,0,0,0,0,0,0,0,0,1,50.474007,-104.632346
410,411,1450,"247 Froom Cres, Regina S4N1T2 SK",3,2.0,0,0,0,3,0,1600,0,0,0,0,0,0,0,1,0,0,0,0,1,1,1,0,1,0,0,0,0,0,0,0,0,1,50.441016,-104.56384
411,412,1299,"1060 Dorothy St., Regina, SK, S4X 3C5",2,1.0,0,0,1,0,1,877,0,1,1,0,1,0,0,0,0,0,0,1,1,1,1,0,1,1,0,0,0,1,0,0,1,1,50.476408,-104.68282
412,413,990,"2115 Angus Street, Regina, SK, S4T 2A1",1,1.0,0,1,1,0,1,950,0,1,0,0,1,0,0,0,0,0,0,0,1,0,1,1,0,0,0,0,0,0,0,0,1,0,50.445149,-104.619638
414,415,1400,"3025 Cameron St, Regina, SK S4S 1W6, Canada",2,2.0,0,0,0,1,0,790,0,1,0,0,0,0,0,0,1,0,0,0,1,1,1,0,1,0,0,0,0,0,0,0,0,1,50.430891,-104.625269
415,416,925,"34 Nollet Ave, Regina, SK S4T 7J8, Canada",1,1.0,0,1,1,1,0,582,0,1,0,0,0,0,1,0,0,0,0,0,1,0,1,1,0,1,0,0,0,0,0,0,1,0,50.481491,-104.667625
416,417,900,"2121 Rae St, Regina, SK S4T 2E8, Canada",1,1.0,0,1,1,1,0,600,1,0,0,0,0,0,1,0,0,0,0,0,1,1,1,1,0,0,0,0,0,0,0,1,0,0,50.445121,-104.621029
417,418,1400,"4147 Green Apple Dr, Regina, SK S4V 2Z6, Canada",2,2.0,0,0,0,2,0,900,0,1,0,0,0,0,1,0,0,0,0,0,0,1,1,0,1,0,0,0,0,0,0,0,1,0,50.42651,-104.52693
418,419,875,"47 Centennial St, Regina, SK S4S 0A2, Canada",1,1.0,0,1,1,1,0,800,0,1,0,0,0,0,1,0,0,0,0,0,0,0,1,1,0,0,0,0,0,0,0,0,1,0,50.419717,-104.593533
419,420,1100,"1061 Birchwood Pl, Regina, SK S4S 7L1, Canada",2,1.0,0,0,1,1,0,800,0,1,0,0,0,0,1,0,0,0,0,0,0,1,1,0,1,0,0,0,0,0,0,0,1,0,50.39981,-104.60367
421,422,1100,"4016 Buckingham Dr, Regina, SK S4V 3A9, Canada",2,1.0,0,0,1,1,0,800,0,1,0,0,0,0,1,0,0,0,0,0,0,1,1,0,1,0,0,0,0,0,0,0,1,0,50.429342,-104.526301
422,423,1295,"Dakota Dr, Regina, SK S4Z, Canada",2,2.0,0,0,1,2,0,1160,0,1,0,0,0,0,1,0,0,0,0,0,1,1,1,0,1,0,0,0,1,0,0,1,1,0,50.45127,-104.53095
423,424,1285,"3928 Green Falls Drive, Regina, SK, S4V 3M1",2,1.0,0,1,1,0,1,840,0,1,0,0,1,0,0,0,0,0,0,0,0,1,1,0,1,0,0,0,1,1,1,0,1,0,50.431637,-104.550761
424,425,750,"2104  14th Ave, Regina, SK, S4P 0X6",1,1.0,0,1,1,0,1,343,0,0,0,0,1,0,0,0,0,0,0,0,1,0,1,1,0,0,0,0,0,0,0,0,0,0,50.4440233,-104.6158508
425,426,1500,"394 Cedar Meadow Dr, Regina, SK S4X 3E6, Canada",3,2.0,0,0,0,1,0,1150,0,1,0,0,0,0,1,0,0,0,0,0,1,1,1,0,1,0,0,0,0,0,0,1,1,0,50.495398,-104.672378
426,427,1195,"2428 Edgar St, Regina, SK S4N 3L3, Canada",2,2.0,0,0,0,2,0,750,0,0,0,0,0,0,0,0,1,0,0,0,1,0,1,0,1,0,0,0,0,0,0,0,0,1,50.440026,-104.588063
427,428,1348,"502 University Park Drive, Regina, SK, S4V 3L8",2,1.0,0,1,1,1,1,860,0,1,0,0,1,0,0,0,0,0,0,0,1,1,1,0,1,0,0,0,1,0,0,0,1,0,50.431637,-104.550761
428,429,1000,"S4T3M6, Canada",3,2.0,0,0,0,1,0,1000,0,0,0,0,0,0,0,0,1,0,0,0,1,0,1,1,0,0,0,0,0,0,0,0,0,1,50.456622,-104.631156
429,430,1350,"Dakota Dr, Regina, SK S4Z, Canada",2,2.0,0,0,0,1,0,1100,0,1,0,0,0,0,1,0,0,0,0,0,1,1,1,0,1,0,1,0,1,1,1,1,1,0,50.45127,-104.53095
431,432,1590,"5290 Aerodrome Rd, Regina, SK S4W 0P4, Canada",3,1.5,0,0,0,1,0,1100,0,0,0,0,0,0,0,0,0,1,0,0,1,1,1,0,1,0,0,0,0,0,0,0,1,0,50.436949,-104.649662
432,433,1059,"193 Lockwood Rd., Regina, SK, S4S 6G9",1,1.0,1,1,1,0,1,658,0,1,1,0,1,0,0,0,0,0,0,1,1,0,1,1,0,1,0,0,0,0,0,0,1,0,50.4016987,-104.6255671
433,434,821,"22-41 Munroe Pl., Regina, SK, S4S 6A7",1,1.0,0,1,1,0,1,670,0,0,1,0,1,0,0,0,0,0,0,1,1,0,1,1,0,1,0,0,0,0,0,1,1,0,50.414254,-104.599335
437,438,1509,"Murphy Cres.& Lothian Mews, Regina, SK, S4X 1F5",3,1.0,0,0,1,0,1,1105,0,0,1,0,0,0,0,0,0,1,0,1,1,0,1,0,1,0,0,0,0,0,0,0,1,1,50.47844,-104.679972
438,439,750,"S4P1E9, Canada",1,1.0,0,0,0,0,1,900,0,0,1,0,0,0,0,0,1,0,0,0,1,0,1,1,1,0,0,0,0,0,0,0,0,1,50.451823,-104.595174
439,440,850,"S4P1W5, Canada",2,1.0,0,0,0,1,1,1000,0,0,1,0,0,0,0,0,1,0,0,0,1,0,1,1,1,0,0,0,0,0,0,0,0,1,50.446989,-104.604891
441,442,1700,"MacKenzie Way, Regina S4N5M9 SK",3,1.5,0,0,0,1,0,1130,0,0,0,0,0,0,0,0,0,1,0,0,1,1,1,0,1,0,0,0,0,0,0,0,0,1,50.457223,-104.541576
442,443,750,"1440 Angus St, Regina, SK S4T 1Y9, Canada",1,1.0,0,1,1,1,0,800,0,1,0,0,1,0,0,0,0,0,0,0,1,0,0,1,0,1,0,0,0,0,0,0,1,0,50.456636,-104.619659
445,446,1100,"2604 Lindsay Street, S4N 3E1, Regina, SK",1,1.0,1,1,1,2,0,700,0,0,0,0,0,1,0,0,0,0,0,0,1,1,0,0,1,0,0,0,0,0,0,0,0,1,50.437464,-104.585011
446,447,550,"1240 Angus St, Regina, SK S4T 1Y7, Canada",1,1.0,1,1,1,1,0,600,1,0,0,0,0,0,0,0,1,0,1,1,0,0,1,1,0,0,0,0,0,0,0,0,0,0,50.458947,-104.6196558
447,448,1450,"S4W0E3, Canada",2,1.0,0,0,0,1,0,770,0,0,0,0,0,0,0,0,0,1,0,0,1,1,1,1,1,0,0,0,0,0,0,0,1,1,50.430928,-104.6643399
448,449,1198,"1701 Horizons Way, Regina, SK, S4Y 0G5",2,1.0,0,0,1,1,1,892,0,1,0,0,1,0,0,0,0,0,0,0,1,1,1,0,1,0,0,0,1,1,0,0,1,0,50.476789,-104.695286
449,450,1600,"5125 Beacon Way, Regina, SK S4W 0H8, Canada",2,2.5,0,0,0,1,0,1000,0,1,0,0,0,0,0,0,0,1,0,0,1,1,1,0,1,0,0,0,0,0,0,0,0,1,50.436949,-104.649662
450,451,1000,"Garnet St, Regina, SK, Canada, S4T 2Y2",2,1.0,0,0,0,2,0,850,1,0,0,0,0,0,0,0,1,0,0,0,1,1,1,1,1,0,0,0,0,0,0,0,0,1,50.4598637,-104.6268441
451,452,800,"S4T1Y9, Canada",1,1.0,0,1,1,1,0,800,0,1,0,0,1,0,0,0,0,0,0,0,1,0,1,1,0,1,0,0,0,0,0,0,1,0,50.456636,-104.619659
453,454,1136,"41 Munroe Place, Regina, SK, S4S 6A7",2,1.0,0,1,1,0,1,850,0,1,1,0,1,0,0,0,0,0,0,1,1,0,1,0,1,1,0,0,0,0,0,1,1,1,50.414254,-104.599335
454,455,1129,"4040 Gordon Rd., Regina, SK, S4S 6W2",1,1.0,1,1,1,1,1,675,0,1,1,0,1,0,0,0,0,0,0,1,1,0,1,1,0,1,0,0,1,1,0,0,1,0,50.4054515,-104.6404836
455,456,1300,"331  Broad Street North, Regina, SK, S4R 2X8",2,2.0,0,1,1,0,1,832,0,1,0,0,1,0,0,0,0,0,0,0,1,0,1,1,0,0,0,0,0,0,0,0,1,0,50.4809322,-104.6064483
456,457,795,"2127 Lindsay St, Regina, SK S4N 3C1, Canada",1,1.0,1,1,1,0,0,500,1,1,0,0,1,0,0,0,0,0,0,0,0,0,0,1,0,0,0,0,0,0,0,1,0,1,50.444063,-104.585029
458,459,820,"2024  14th Ave, Regina, SK, S4P 0X5",1,1.0,0,1,1,0,1,473,0,0,0,0,1,0,0,0,0,0,0,0,1,0,1,1,0,0,0,0,0,0,0,0,0,0,50.444,-104.6101225
459,460,1089,"22-41 Munroe Pl., Regina, SK, S4S 6A7",1,1.0,0,1,1,1,1,670,0,1,1,0,1,0,0,0,0,0,0,1,1,0,1,1,0,1,0,0,0,0,0,1,1,0,50.414254,-104.599335
461,462,935,"505 Rose St, Regina, SK S4R 1Z4, Canada",2,1.0,0,1,1,1,0,800,0,1,0,0,1,0,0,0,0,0,0,0,0,0,1,1,0,0,0,0,0,0,0,0,1,0,50.470701,-104.607933
462,463,1295,"Dakota Dr, Regina, SK S4Z, Canada",2,2.0,0,0,1,2,0,1160,0,1,0,0,0,0,1,0,0,0,0,0,1,1,1,0,1,0,0,0,1,0,0,1,1,0,50.45127,-104.53095
463,464,850,"2175  Rae Street, Regina, SK, S4T 2E8",1,1.0,0,1,1,0,1,380,0,1,0,0,1,0,0,0,0,0,0,0,1,0,1,1,0,0,0,0,0,0,0,0,0,0,50.445121,-104.621029
464,465,799,"1424 Victoria Ave, Regina, SK, S4P 0P3",1,1.0,0,1,1,0,1,520,0,0,0,0,1,0,0,0,0,0,0,0,1,0,1,0,0,0,0,0,0,0,0,0,0,0,50.447245,-104.600769
468,469,1398,"1251 N Galloway Street, Regina, SK, S4X 0M6",3,1.0,0,1,1,1,1,971,0,1,0,0,1,0,0,0,0,0,0,0,1,1,1,0,1,0,0,0,1,0,0,0,1,0,50.49048,-104.671679
474,475,1450,"1300 Stockton St, Regina, SK S4X 0B8, Canada",2,2.0,1,1,1,1,0,850,0,1,0,0,0,0,1,0,0,0,0,0,1,1,1,0,1,0,1,0,1,1,0,1,1,0,50.5008905,-104.6468794
475,476,1041,"41 Munroe Place, Regina, SK, S4S 6A7",1,1.0,0,1,1,0,1,650,0,1,1,0,1,0,0,0,0,0,0,1,1,0,1,0,1,1,0,0,0,0,0,1,1,1,50.414254,-104.599335
476,477,1350,", S4Z 0A5, Regina, SK",2,1.0,0,1,1,2,0,909,0,1,0,0,0,0,1,0,0,0,0,0,1,1,0,0,1,0,0,0,0,0,0,0,1,0,50.451184,-104.5310949
477,478,850,"1602 Victoria Ave, Regina, SK, S4P 0P7",1,1.0,0,1,1,0,1,405,0,0,0,0,1,0,0,0,0,0,0,0,1,0,1,1,0,0,0,0,0,0,0,0,0,0,50.447246,-104.603576
478,479,1950,"Bentley Dr, Regina, SK S4N 5H7, Canada",3,2.0,0,0,0,3,0,1000,0,0,0,1,0,0,0,0,1,0,0,0,1,1,1,0,1,0,0,0,0,0,0,0,0,1,50.4491757,-104.5448963
479,480,700,"2250 Rose St., Regina, SK, S4P 2A7",1,1.0,0,1,1,0,0,500,0,0,0,0,1,0,0,0,0,0,0,0,1,0,1,1,0,0,0,0,0,0,0,0,0,0,50.443213,-104.608118
480,481,1045,"2125 Osler St, Regina, SK S4P 4G9, Canada",2,1.0,0,1,1,1,0,840,0,1,0,0,0,0,1,0,0,0,0,0,0,0,1,1,0,1,0,0,1,0,0,0,1,0,50.4451429,-104.604911
481,482,1600,"3440 Avonhurst Dr, Regina, SK S4R 3K1, Canada",3,2.5,0,0,0,2,1,1235,0,1,0,0,0,0,0,0,0,1,0,0,1,1,1,0,1,0,0,0,0,0,0,0,0,1,50.4739832,-104.6297015
482,483,800,"1535 11th Ave, Regina, SK S4P 0H3, Canada",1,1.0,0,1,1,0,0,750,0,0,0,0,1,0,0,0,0,0,0,0,1,0,0,0,0,0,0,0,0,0,0,0,0,0,50.450423,-104.602119
483,484,850,"635 17 Ave E, Regina, SK S4N 0Y8, Canada",1,1.0,1,1,1,1,0,650,1,1,0,0,0,1,0,0,0,0,0,0,1,0,1,1,1,0,0,0,0,0,0,0,0,0,50.441337,-104.572894
484,485,800,"1535 11th Ave, Regina, SK S4P 0H3, Canada",1,1.0,0,1,1,0,0,700,0,0,0,0,1,0,0,0,0,0,0,0,1,0,0,0,0,0,0,0,0,0,0,0,0,0,50.450423,-104.602119
485,486,1750,"4025 Hill Ave, Regina, SK S4S 0X7, Canada",2,2.0,0,0,1,1,0,1290,0,1,0,0,0,0,1,0,0,0,0,0,1,1,1,0,1,0,0,0,1,0,0,1,1,0,50.426347,-104.6389305
486,487,1041,"41 Munroe Place, Regina, SK, S4S 6A7",1,1.0,0,1,1,0,1,650,0,1,1,0,1,0,0,0,0,0,0,1,1,0,1,0,1,1,0,0,0,0,0,1,1,1,50.414254,-104.599335
488,489,1250,"4216 Castle Rd, Regina, SK S4S 4W1, Canada",2,2.0,1,0,0,1,1,1200,0,1,0,0,0,0,0,0,0,1,0,0,0,1,1,0,1,0,0,0,0,0,0,0,0,1,50.411003,-104.600045
489,490,1359,"1062 Dorothy St., Regina, SK, S4X 0N9",2,2.0,0,1,1,0,1,915,0,1,1,0,1,0,0,0,0,0,0,1,1,1,1,0,1,1,0,0,1,0,0,0,1,0,50.496512,-104.62422
490,491,954,"1060 Dorothy St., Regina, SK, S4X 3C5",1,1.0,0,0,1,0,1,675,0,1,1,0,1,0,0,0,0,0,0,1,1,1,1,0,1,1,0,0,0,1,0,0,1,1,50.476408,-104.68282
492,494,2000,"S4N6V2, Canada",5,2.0,0,0,0,3,0,1250,0,0,0,0,0,0,0,0,1,0,0,0,1,1,1,1,1,0,0,0,0,0,0,0,1,1,50.458732,-104.561796
493,495,938,"22-41 Munroe Pl., Regina, SK, S4S 6A7",2,1.0,0,1,1,0,1,860,0,0,1,0,1,0,0,0,0,0,0,1,1,0,1,1,0,1,0,0,0,0,0,1,1,0,50.414254,-104.599335
494,496,799,"1424 Victoria Ave, Regina, SK, S4P 0P3",1,1.0,0,1,1,0,1,520,0,0,0,0,1,0,0,0,0,0,0,0,1,0,1,0,0,0,0,0,0,0,0,0,0,0,50.447245,-104.600769
495,497,1750,"14 Milford Crescent, Regina, SK S4N 1K7, Canada",3,2.0,0,0,0,3,1,1300,0,1,0,1,0,0,0,0,1,0,0,0,1,1,1,1,1,0,0,0,0,0,0,0,1,1,50.452663,-104.5512115
496,498,955,"2175  Rae Street, Regina, SK, S4T 2E8",1,1.0,0,1,1,0,1,622,0,1,0,0,1,0,0,0,0,0,0,0,1,0,1,1,0,0,0,0,0,0,0,0,0,0,50.445121,-104.621029
497,499,1000,"S4W0c7, Canada",1,1.0,1,0,1,1,0,500,0,0,0,0,0,1,0,0,0,0,1,1,0,0,1,1,1,0,0,0,0,0,0,0,0,0,50.4340146,-104.6650159
498,500,1650,"Scarth St, Regina, SK S4P 2G9, Canada",1,1.0,1,1,1,1,0,868,1,1,0,0,0,0,1,0,0,0,1,1,0,1,1,0,1,0,0,0,1,0,0,0,0,0,50.450304,-104.61082
500,502,1200,"Arthur St, Regina, SK S4R 4X2, Canada",3,1.0,0,0,0,2,0,900,0,1,0,0,0,0,0,0,1,0,0,0,0,0,1,0,1,0,0,0,0,0,0,0,0,1,50.4733352,-104.648169
501,503,1249,"4040 Gordon Rd., Regina, SK, S4S 6W2",1,1.0,1,1,1,1,1,900,0,1,1,0,1,0,0,0,0,0,0,1,1,0,1,1,0,1,0,0,1,1,0,0,1,0,50.4054515,-104.6404836
502,504,900,"3838 Retallack Street, Regina, SK, S4S 3B8",1,1.0,0,1,1,0,1,600,0,1,0,0,1,0,0,0,0,0,0,0,1,0,1,1,0,0,0,0,0,0,0,0,0,0,50.4185913,-104.6225055
503,505,1300,"2134 Halifax St, Regina, SK S4P 1T9, Canada",1,1.0,1,1,1,1,1,800,1,0,0,0,0,0,0,0,1,0,1,1,0,0,1,1,0,0,0,0,0,0,0,0,0,1,50.4447762,-104.6034216
504,506,1100,", Regina  S4N5L2 SK, Canada",3,1.0,0,0,0,0,0,980,0,1,0,0,0,0,0,1,0,0,0,0,1,0,1,0,1,0,0,0,0,0,0,0,0,1,50.451787,-104.542146
505,507,1059,"111 Lockwood Road, Regina, SK, S4S 3G5",1,1.0,1,1,1,0,0,679,0,1,0,0,1,0,0,0,0,0,0,0,1,1,1,0,0,0,0,0,1,0,1,0,1,0,50.4053152,-104.6254549
506,508,1300,"302 Gore Pl, Regina, SK S4T 7S4, Canada",2,1.0,0,0,1,1,1,890,0,1,0,0,0,0,1,0,0,0,0,0,1,1,1,0,1,0,0,0,0,0,0,0,1,0,50.4823519,-104.6701501
508,510,1250,"729 Broadway Ave, S4N 1C4, Regina, SK",2,1.0,0,0,0,1,0,900,0,1,0,0,0,0,0,1,0,0,0,0,1,1,1,0,1,0,0,0,0,0,0,0,1,1,50.43764,-104.590909
509,511,1195,"S4R3M4, Canada",2,1.0,0,1,1,1,0,850,1,1,0,0,0,0,1,0,0,0,0,0,0,0,1,1,0,1,1,0,0,0,0,1,0,0,50.4811905,-104.621971
510,512,1120,"453 Retallack Street, Regina, SK, S4R 3N4",2,1.0,0,1,1,0,1,1000,0,1,0,0,1,0,0,0,0,0,0,0,1,0,1,1,0,0,0,0,0,0,0,0,0,0,50.4714575,-104.622552
511,513,1120,"445  Retallack Street, Regina, SK, S4R 3N4",2,1.0,0,1,1,0,1,1000,0,1,0,0,1,0,0,0,0,0,0,0,1,0,1,1,0,0,0,0,0,0,0,0,0,0,50.4714575,-104.622552
512,514,1200,"4677 James Hill, s4w0c7, Harbour Landing, SK",2,1.0,0,0,0,1,0,882,0,0,0,0,0,0,0,0,1,0,0,0,1,1,1,0,1,0,0,0,0,0,0,0,1,1,50.4340146,-104.6650159
514,516,929,"193 Lockwood Rd, Regina, SK S4S 6G9, Canada",1,1.0,1,1,1,0,1,850,0,1,1,0,1,0,0,0,0,0,1,1,0,0,0,1,0,0,0,0,0,0,0,0,1,0,50.4016987,-104.6255671
515,517,800,"2415 Dewdney Ave, Regina, SK S4R 8R2, Canada",1,1.0,1,1,1,3,0,600,1,1,0,0,1,0,0,0,0,0,1,1,0,0,1,1,0,0,0,0,1,1,1,0,0,0,50.455065,-104.550169
516,518,2650,"2055 Rose St, Regina, SK S4P 2A3, Canada",2,2.0,1,1,1,1,0,1250,0,1,0,1,0,0,1,0,0,0,0,0,1,1,1,0,1,1,0,0,1,1,0,0,1,0,50.446969,-104.607971
517,519,800,"3824 Regina Ave, Regina, SK S4S 0H7, Canada",1,1.0,0,1,1,1,0,700,0,0,0,0,1,0,0,0,0,0,0,0,1,0,1,1,0,1,0,0,0,0,0,1,0,0,50.435007,-104.635569
518,520,850,"3945 Robinson Street, Regina, SK, S4S 3C7",2,1.0,0,0,0,0,0,900,0,0,0,0,1,0,0,0,0,0,0,0,1,0,0,0,0,0,0,0,0,0,0,0,0,0,50.416219,-104.623885
519,521,1200,"7234 Dewdney Ave, Regina, SK S4T 1E6, Canada",3,1.0,0,0,0,2,0,1230,0,0,0,0,0,0,0,1,0,0,0,0,0,0,1,0,1,0,0,0,0,0,0,0,0,1,50.455075,-104.685916
520,522,1700,"1250 Wessex Place, S4N 7S2, Regina, SK",3,3.0,0,0,0,2,1,1100,0,1,0,1,0,0,0,0,0,1,0,0,1,0,0,0,1,0,0,0,0,0,0,0,1,0,50.49772,-104.662097
521,523,1250,"S4S1E4, Canada",1,1.0,1,1,1,3,0,1055,1,1,0,1,0,0,0,0,1,0,1,0,1,1,1,1,1,0,0,0,0,0,0,0,0,1,50.423473,-104.625948
522,524,1200,"College Ave, Regina, SK S4P 4V5, Canada",2,1.0,0,0,0,0,1,970,0,1,1,0,0,0,0,0,1,0,0,0,1,1,1,1,1,0,0,0,0,0,0,0,1,1,50.440739,-104.60703
524,526,1060,"1830 College Avenue, Regina S4P 1C2 SK",1,1.0,0,1,1,0,0,650,0,1,0,0,1,0,0,0,0,0,0,0,1,0,1,1,0,0,1,0,1,0,0,1,1,0,50.440796,-104.582263
525,527,1064,"5035 Sherwood Dr., Regina, SK, S4R 4C1",1,1.0,0,1,1,0,1,700,0,1,1,0,1,0,0,0,0,0,0,1,1,1,1,1,0,1,0,0,0,1,0,1,1,0,50.477016,-104.652612
526,528,1100,"69  Kleisinger Cres, Regina, SK, S4R 6Z4",2,1.0,0,1,1,0,1,761,0,1,0,0,1,0,0,0,0,0,0,0,1,0,1,1,0,0,0,0,0,0,0,0,1,0,50.484498,-104.607979
528,530,1600,"1914 Hamilton St, Regina, SK S4P 3N6, Canada",1,1.0,1,1,1,1,1,882,1,1,0,1,0,0,1,0,0,0,0,0,1,1,1,0,1,1,0,1,1,1,0,1,0,0,50.4487677,-104.6093955
530,532,1250,"661 Royal St, Regina, SK S4T 4Z3, Canada",2,1.0,0,0,0,0,1,860,0,1,0,0,0,0,0,0,1,0,0,0,1,1,1,1,0,0,0,0,0,0,0,0,0,1,50.468577,-104.651054
531,533,1030,"2240 Robinson Street, Regina, SK, S4T 2P9",2,1.0,0,1,1,0,1,870,0,1,0,0,1,0,0,0,0,0,0,0,1,0,1,1,0,0,0,0,0,0,0,0,0,0,50.4436708,-104.6239575
532,534,1268,"700 Gladmer Pk., Regina, SK, S4P 2W9",3,1.0,0,0,0,1,1,1056,0,0,1,0,0,0,0,0,0,1,0,1,1,1,1,0,1,0,0,0,0,0,0,0,1,1,50.437079,-104.605561
533,535,933,"22-41 Munroe Pl., Regina, SK, S4S 6A7",2,1.0,0,1,1,1,1,860,0,1,1,0,1,0,0,0,0,0,0,1,1,0,1,1,0,1,0,0,0,0,0,1,1,0,50.414254,-104.599335
534,536,938,"22-41 Munroe Pl., Regina, SK, S4S 6A7",2,1.0,0,1,1,0,1,860,0,0,1,0,1,0,0,0,0,0,0,1,1,0,1,1,0,1,0,0,0,0,0,1,1,0,50.414254,-104.599335
535,537,1100,"1061 Birchwood Pl, Regina, SK S4S 7L1, Canada",2,1.0,0,0,1,1,0,800,0,1,0,0,0,0,1,0,0,0,0,0,0,1,1,0,1,0,0,0,0,0,0,0,1,0,50.39981,-104.60367
536,538,1150,"405 2305 Victoria Avenue, Regina S4S 1B6 SK",1,1.0,1,1,1,1,0,700,1,1,0,0,0,0,1,0,0,0,0,0,1,1,1,1,0,0,1,0,1,0,0,1,0,0,50.424975,-104.627844
537,539,850,"Embury St, Regina, SK S4N 2L7, Canada",1,1.0,1,1,1,3,1,650,1,0,0,0,0,1,0,0,0,0,0,0,0,0,1,1,0,0,0,0,0,0,0,0,0,1,50.445411,-104.575715
538,540,930,"30 Spence Street, Regina, SK, S4S 4H4",1,1.0,0,1,1,0,1,675,0,1,0,0,1,0,0,0,0,0,0,0,1,0,1,1,0,0,0,0,0,0,0,0,1,0,50.4132335,-104.6154105
539,541,950,"1454  Rae St, Regina, SK, S4T 2C5",2,1.0,0,1,1,0,1,684,0,1,0,0,1,0,0,0,0,0,0,0,1,0,1,1,0,0,0,0,0,0,0,0,1,0,50.455924,-104.621176
540,542,900,"Curtiss Ave, Regina, SK S0G, Canada",1,1.0,1,1,1,1,0,1300,1,1,0,0,0,1,0,0,0,0,1,0,0,0,0,1,0,0,0,0,0,0,0,0,0,0,50.4132733,-104.645034
542,544,909,"2630 6 Ave N, Regina, SK S4R 0P2, Canada",2,1.0,1,1,1,1,0,900,0,0,0,0,1,0,0,0,0,0,0,0,1,0,1,1,0,0,0,0,0,0,0,1,1,0,50.478954,-104.618794
543,545,1600,"89 McNab Crescent, Regina, SK S4S 4B3, Canada",3,1.0,0,0,0,2,0,1000,0,0,0,0,0,0,0,0,1,0,0,0,0,0,1,1,0,0,0,0,0,0,0,0,0,1,50.419232,-104.604957
546,549,950,"960 Garnet Street, Regina, SK, S4T 2X5",3,1.0,0,0,0,0,0,720,0,0,0,0,0,0,0,0,1,0,0,0,1,0,0,0,0,0,0,0,0,0,0,0,0,0,50.464392,-104.626846
549,552,1450,"1640 Dakota Dr, Regina, SK S4Z 0A1, Canada",2,1.0,0,0,1,2,0,940,0,1,0,0,0,0,1,0,0,0,0,0,1,1,1,0,1,0,0,0,1,1,1,0,1,0,50.4523907,-104.5316401
550,553,2500,"2500 Elphinstone St, Regina, SK S4S 0J6, Canada",4,2.0,1,1,1,2,0,900,0,1,0,0,0,0,0,1,0,0,0,0,0,0,0,0,1,0,0,0,0,0,0,0,0,0,50.438607,-104.63111
552,555,1000,"Somerville road , Rae street  S4s2y5 SK, Canada",2,2.0,0,1,1,1,0,1200,0,0,0,0,0,1,0,0,0,0,1,0,1,0,0,1,0,0,0,0,0,0,0,0,0,1,50.409616,-104.621184
553,556,1000,", Harbour landing  S4w0c7 SK, Canada",1,1.0,1,0,1,0,0,500,0,0,0,0,0,1,0,0,0,0,1,1,1,0,1,0,1,0,0,0,0,0,0,0,0,0,50.4340146,-104.6650159
555,558,700,"Retallack St, Regina, SK S4T 2H3, Canada",2,1.0,0,0,0,1,0,800,0,0,0,0,0,0,0,0,1,0,0,0,0,0,1,0,1,0,0,0,0,0,0,0,0,1,50.462858,-104.622505
558,561,1800,"303 Royal Street, S4R4Y2, Regina, SK",4,2.0,0,0,0,2,0,950,0,0,0,0,0,0,0,0,1,0,0,0,1,0,1,0,1,0,0,0,0,0,0,0,1,1,50.4742244,-104.6524593
559,562,900,"1800 York Street, Regina, SK, S4T 4R2",1,1.0,0,0,0,0,1,650,0,1,0,0,1,0,0,0,0,0,0,0,1,1,1,0,0,0,0,0,0,0,0,0,0,0,50.450483,-104.645142
561,564,800,"431 17 Ave E, Regina, SK S4N 0Y4, Canada",1,1.0,0,1,1,1,0,800,0,0,0,0,1,0,0,0,0,0,0,0,1,0,1,1,0,0,0,0,0,0,0,0,0,0,50.439103,-104.5786
563,566,1400,"865 Queen St, Regina, SK S4T 4A6, Canada",3,2.0,1,1,1,1,0,1280,0,1,0,0,0,0,0,0,1,0,0,0,1,1,1,1,1,0,0,0,0,0,0,0,1,1,50.466043,-104.636925
564,567,800,"S4T0L2, Canada",2,1.0,0,0,0,1,1,700,0,0,0,0,0,0,0,0,1,0,0,0,0,0,1,1,0,0,0,0,0,0,0,0,0,1,50.477158,-104.622068
565,568,1300,"3420 Park St, Regina, SK S4V 2M9, Canada",3,1.5,0,1,1,1,0,980,0,0,0,0,0,0,1,0,0,0,0,0,1,1,1,0,1,0,0,0,1,0,0,0,1,0,50.427818,-104.57389
566,569,938,"22-41 Munroe Pl., Regina, SK, S4S 6A7",2,1.0,0,1,1,0,1,860,0,0,1,0,1,0,0,0,0,0,0,1,1,0,1,1,0,1,0,0,0,0,0,1,1,0,50.414254,-104.599335
567,570,989,"22-41 Munroe Pl., Regina, SK, S4S 6A7",2,1.0,0,1,1,1,1,860,0,1,1,0,1,0,0,0,0,0,0,1,1,0,1,1,0,1,0,0,0,0,0,1,1,0,50.414254,-104.599335
568,571,1375,"2830 Gordon Rd, Regina, SK S4S 6A1, Canada",2,1.0,1,1,1,1,0,926,0,1,0,0,0,0,1,0,0,0,0,0,1,1,1,1,0,0,0,0,1,1,1,0,1,0,50.4045935,-104.6200654
569,572,1300,"331  Broad Street North, Regina, SK, S4R 2X8",2,2.0,0,1,1,0,1,832,0,1,0,0,1,0,0,0,0,0,0,0,1,0,1,1,0,0,0,0,0,0,0,0,1,0,50.4809322,-104.6064483
570,573,1190,"4013 Harbour Landing Dr, Regina, SK, S4W 0E5",2,1.0,0,0,1,0,1,691,0,1,0,0,1,0,0,0,0,0,0,0,1,1,1,0,1,0,0,0,1,1,1,0,1,0,50.430928,-104.6643399
571,574,1268,"700 Gladmer Pk., Regina, SK, S4P 2W9",3,1.0,0,0,0,1,1,1056,0,0,1,0,0,0,0,0,0,1,0,1,1,1,1,0,1,0,0,0,0,0,0,0,1,1,50.437079,-104.605561
572,575,799,"1424 Victoria Ave, Regina, SK, S4P 0P3",1,1.0,0,1,1,0,1,520,0,0,0,0,1,0,0,0,0,0,0,0,1,0,1,0,0,0,0,0,0,0,0,0,0,0,50.447245,-104.600769
573,576,900,"5430 McClelland Dr, Regina, SK S4W 0K7, Canada",1,1.0,0,0,0,1,0,400,1,0,0,0,0,1,0,0,0,0,1,0,1,1,1,0,1,0,0,0,0,0,0,0,0,0,50.436949,-104.649662
574,577,2100,"2300 Broad St, Regina, SK S4P 1Y8, Canada",2,2.0,0,1,1,1,1,1400,0,1,0,1,0,0,1,0,0,0,0,0,1,1,1,1,1,0,1,0,1,1,0,1,1,0,50.442326,-104.606652
575,578,975,"3832 Rae St, Regina, SK S4S 3A1, Canada",2,1.0,0,1,1,1,1,770,0,1,0,0,1,0,0,0,0,0,0,0,1,0,1,1,0,1,1,0,0,0,0,1,0,1,50.41858,-104.621018
577,580,1500,"2157 Toronto St, Regina, SK S4P 0B8, Canada",3,1.0,0,0,0,1,0,1134,1,0,0,0,0,0,1,0,0,0,0,0,1,1,1,0,1,0,0,0,0,0,0,0,1,1,50.453474,-104.596384
578,581,900,"2353 Ottawa St, Regina, SK S4P 1R2, Canada",2,1.0,0,1,1,1,0,800,0,0,0,0,1,0,0,0,0,0,0,0,1,0,1,1,0,0,0,0,0,0,0,0,0,1,50.4424372,-104.6005612
579,582,1239,"700 Gladmer Pk., Regina, SK, S4P 2W9",2,1.0,0,0,0,1,1,864,0,0,1,0,0,0,0,0,0,1,0,1,1,1,1,0,1,0,0,0,0,0,0,0,1,1,50.437079,-104.605561
580,583,1350,"2315 McIntyre Street, Regina, SK, S4P 3Y8",1,1.0,0,0,0,0,0,725,0,1,0,0,0,0,0,0,1,0,0,0,1,0,1,0,0,0,0,0,0,0,0,0,0,0,50.4424462,-104.6166159
581,584,1500,"126 Oakview Drive, Regina, SK, S4R 0E4",4,2.5,0,0,0,0,0,1188,0,0,0,0,0,0,0,0,1,0,0,0,1,0,0,0,0,0,0,0,0,0,0,0,0,0,50.48731,-104.609417
582,585,1200,"38 Spence Street, Regina, SK, S4S 4H4",2,1.0,0,0,0,0,0,900,0,1,0,0,0,0,0,0,1,0,0,0,1,1,1,0,0,0,0,0,0,0,0,0,0,0,50.4132335,-104.6154105
583,586,1000,", Regina S4W 0K8 SK, Canada",1,1.0,1,1,1,0,0,800,1,1,0,0,0,1,0,0,0,0,1,1,1,0,1,0,1,0,0,0,0,0,0,0,0,1,50.436949,-104.649662
584,587,750,"S4V3N4, Canada",1,1.0,1,1,1,1,0,750,1,1,0,0,0,1,0,0,0,0,1,1,0,1,1,1,1,0,0,0,0,0,0,0,1,1,50.440083,-104.589336
585,588,1350,"51 Rodenbush Dr, Regina, SK S4R 8C7, Canada",2,1.0,1,1,1,1,0,907,1,1,0,0,0,0,1,0,0,0,1,1,0,1,1,1,0,0,0,0,0,0,1,0,1,0,50.494665,-104.597102
586,589,950,"2334 Broder St, Regina, SK S4N 3S8, Canada",2,1.0,0,0,0,1,0,900,0,0,0,0,0,0,0,0,1,0,0,0,1,0,0,1,0,0,0,0,0,0,0,0,0,0,50.442286,-104.590922
588,591,850,"2175  Rae Street, Regina, SK, S4T 2E8",1,1.0,0,1,1,0,1,380,0,1,0,0,1,0,0,0,0,0,0,0,1,0,1,1,0,0,0,0,0,0,0,0,0,0,50.445121,-104.621029
589,592,1100,"26 Shaw Street -, Regina, SK, S4R 3M4",2,1.0,0,0,0,0,0,817,0,1,0,0,0,0,0,0,1,0,0,0,1,0,1,0,0,0,0,0,0,0,0,0,0,0,50.4811905,-104.621971
591,594,1350,"70 Froom Crescent, Regina, SK S4N 1S7, Canada",3,1.0,1,1,1,1,0,1304,0,0,0,0,1,0,0,0,0,0,0,0,0,0,0,1,0,0,0,0,0,0,0,0,1,0,50.445401,-104.566171
592,595,950,"4435 A Dewdney Ave, REGINA S4t 1b3 SK",2,1.0,0,0,0,2,0,1060,0,0,0,0,0,1,0,0,0,0,0,0,1,1,1,0,1,0,0,0,0,0,0,0,0,1,50.455142,-104.643626
594,597,800,"1560 Alexandra St, Regina, SK S4T 4N9, Canada",1,1.0,0,1,1,1,0,650,0,0,0,0,1,0,0,0,0,0,0,0,1,0,1,1,0,0,0,0,0,0,0,0,0,0,50.455447,-104.643791
595,598,800,"1130 Angus Street, Regina S4T 1Y5 SK",3,1.0,0,0,0,1,1,1000,0,0,0,0,0,0,0,0,1,0,0,0,1,0,0,0,1,0,0,0,0,0,0,0,0,1,50.461302,-104.619645
596,599,123,"2119 Osler St, Regina, SK S4P 1W7, Canada",1,1.0,0,1,1,0,1,750,0,1,0,0,1,0,0,0,0,0,0,0,1,0,1,1,0,1,1,0,0,0,0,0,0,0,50.444777,-104.604766
598,601,795,"#4-2223 McIntyre Street , Regina s4p 2s1 SK",1,1.0,0,1,1,1,0,640,0,1,0,0,1,0,0,0,0,0,0,0,0,0,1,1,0,1,0,0,0,0,0,1,0,0,50.443242,-104.616468
599,602,1075,", s4p2s1, Regina, SK",2,1.0,0,1,1,1,0,980,0,1,0,0,1,0,0,0,0,0,0,0,0,0,1,1,0,1,0,0,0,0,0,1,0,0,50.443242,-104.616468
600,603,825,"2504 Argyle St, Regina, SK S4S 0J2, Canada",1,1.0,0,1,0,1,0,900,0,0,0,0,1,0,0,0,0,0,0,0,1,1,1,1,0,0,0,0,0,0,0,0,0,0,50.438564,-104.632575
601,604,750,"1610 Angus St, Regina, SK S4T 1Z2, Canada",1,2.5,0,1,1,1,0,600,0,0,0,0,1,0,0,0,0,0,0,0,0,0,1,1,0,1,0,0,0,0,0,0,0,0,50.453236,-104.6196076
602,605,1500,"S4X0J1, Canada",2,1.0,0,1,1,1,0,963,1,1,0,0,0,0,1,0,0,0,0,0,1,1,1,0,1,0,1,0,0,0,0,1,1,0,50.507111,-104.660799
603,606,650,"1610 Angus St, Regina, SK S4T 1Z2, Canada",1,2.5,0,1,1,1,0,300,0,0,0,0,1,0,0,0,0,0,0,0,0,0,0,1,0,0,0,0,0,0,0,0,0,0,50.453236,-104.6196076
604,607,1100,"357 Froom Crescent, Regina, SK S4N 1T4, Canada",2,1.0,1,1,1,1,0,900,0,0,0,0,0,1,0,0,0,0,0,0,0,1,1,0,1,0,0,0,0,0,0,0,0,0,50.439919,-104.566925
605,608,935,"505 Rose St, Regina, SK S4R 1Z4, Canada",2,1.0,0,1,1,1,0,800,0,1,0,0,1,0,0,0,0,0,0,0,0,0,1,1,0,0,0,0,0,0,0,0,1,0,50.470701,-104.607933
606,609,940,"331  Broad Street North, Regina, SK, S4R 2X8",1,1.0,0,1,1,0,1,659,0,1,0,0,1,0,0,0,0,0,0,0,1,0,1,1,0,0,0,0,0,0,0,0,1,0,50.4809322,-104.6064483
607,610,750,"2104  14th Ave, Regina, SK, S4P 0X6",1,1.0,0,1,1,0,1,343,0,0,0,0,1,0,0,0,0,0,0,0,1,0,1,1,0,0,0,0,0,0,0,0,0,0,50.4440233,-104.6158508
608,611,1400,"2126 Elliott St, Regina, SK S4N 3H2, Canada",3,1.0,0,0,0,1,1,954,0,0,0,0,0,0,0,0,1,0,0,0,0,0,1,0,1,0,0,0,0,0,0,0,0,1,50.451827,-104.586441
609,612,900,"2504 Argyle St, Regina, SK S4S 0J2, Canada",1,1.0,0,1,1,1,0,900,0,0,0,0,0,0,0,1,0,0,0,0,1,1,1,1,0,0,0,0,0,0,0,0,0,0,50.438564,-104.632575
610,613,1200,"1411 Fleet St, Regina, SK S4N 5R6, Canada",2,1.0,1,1,1,0,0,900,1,1,0,0,0,1,0,0,0,0,1,0,0,0,1,1,0,0,0,0,0,0,0,0,0,0,50.457337,-104.548649
612,616,1000,", Harbour Landing S4W0K5 SK",2,1.0,0,0,0,2,0,800,0,0,0,0,0,1,0,0,0,0,1,0,1,1,1,0,1,0,0,0,0,0,0,0,0,0,50.436949,-104.649662
614,618,995,"2420 6 Ave N, Regina, SK S4R 3B4, Canada",2,1.0,0,1,1,1,1,800,0,1,0,0,1,0,0,0,0,0,0,0,0,0,0,1,0,0,0,0,0,0,0,1,1,0,50.477344,-104.615321
615,619,895,"2420 6 Ave N, Regina, SK S4R 3B4, Canada",1,1.0,0,1,1,1,1,650,0,1,0,0,1,0,0,0,0,0,0,0,0,0,1,1,0,0,0,0,0,0,0,1,1,0,50.477344,-104.615321
616,620,800,"357 N Broad St, Regina, SK S4R 2X8, Canada",1,1.0,0,1,1,1,0,650,0,1,0,0,1,0,0,0,0,0,0,0,0,0,1,1,0,0,0,0,0,0,0,0,1,0,50.4809322,-104.6064483
617,621,850,"357 N Broad St, Regina, SK S4R 2X8, Canada",2,1.0,0,1,1,1,0,900,0,1,0,0,1,0,0,0,0,0,0,0,0,0,1,1,0,0,0,0,0,0,0,0,1,0,50.4809322,-104.6064483
618,622,1100,"2305 Victoria Ave, Regina, SK S4P 0S7, Canada",1,1.0,0,1,1,1,0,500,1,0,0,0,0,0,1,0,0,0,0,0,1,1,1,1,0,0,0,0,0,0,0,0,0,0,50.447071,-104.581973
622,626,1100,"Regina, SK S4N3H2, Canada",2,1.0,0,0,0,1,1,576,0,0,0,1,0,0,0,0,1,0,0,0,0,0,1,0,1,0,0,0,0,0,0,0,0,1,50.451827,-104.586441
623,627,1450,"12 Lyons St, Regina, SK S4T 6G1, Canada",3,3.0,0,0,0,2,1,1300,0,1,0,0,0,0,0,1,0,0,0,0,0,1,1,0,1,0,0,0,0,0,0,0,0,1,50.4642984,-104.668768
624,628,1195,"35 Alport Crescent, Regina, SK S4R 7X2, Canada",2,1.0,0,1,1,1,0,700,1,1,0,0,0,0,1,0,0,0,0,0,0,0,1,1,0,0,0,0,0,0,1,0,1,1,50.4954645,-104.599458
625,629,1650,"55 Harbour Landing Dr, Regina, SK S4W 0B8, Canada",3,1.5,0,0,0,2,0,1140,0,1,0,0,0,0,0,0,0,1,0,0,1,1,1,0,1,0,0,0,0,0,0,0,0,1,50.4340146,-104.6650159
626,630,2100,"2101 Heseltine Rd, Regina, SK S4V, Canada",2,2.0,1,1,1,2,0,964,1,0,0,0,0,0,1,0,0,0,1,1,1,1,1,0,1,0,1,1,1,1,1,0,1,0,50.443846,-104.54337
627,631,995,"2920 Victoria Ave, Regina, SK S4T 1K7, Canada",2,1.0,0,1,1,1,0,600,0,1,0,0,1,0,0,0,0,0,0,0,1,0,1,1,0,0,0,0,0,0,0,1,1,0,50.447244,-104.623229
629,633,2000,"2328 Halifax St, Regina, SK S4P 1V4, Canada",1,1.0,1,1,1,0,0,500,0,0,0,0,1,0,0,0,0,0,0,0,1,0,1,1,0,0,0,0,0,0,0,0,0,1,50.442322,-104.603414
631,635,1495,"5200 Parliament Ave, Regina, SK S4W 0R5, Canada",2,2.0,1,1,1,1,0,800,0,1,0,1,0,0,1,0,0,0,0,0,0,1,1,0,1,1,1,1,0,1,1,1,1,0,50.44065,-104.649629
632,636,1675,"S4T1G7, Canada",3,2.5,0,0,0,2,0,1000,0,1,0,0,0,0,0,0,0,1,0,0,1,1,1,1,1,0,0,0,0,0,0,0,1,1,50.451314,-104.628482
634,638,994,"Rae St, S4S3A2, REGINA, SK",2,1.0,0,1,1,1,1,720,0,1,0,0,1,0,0,0,0,0,0,0,1,0,1,1,0,0,0,0,0,0,0,1,0,0,50.417045,-104.621031
636,640,700,"1031 Argyle St, Regina, SK S4T 3R4, Canada",2,1.0,0,0,0,0,1,800,0,0,1,0,0,0,0,0,1,0,0,0,0,0,0,0,1,0,0,0,0,0,0,0,0,1,50.462848,-104.632637
637,641,1285,"3928 Green Falls Drive, Regina, SK, S4V 3M1",2,1.0,0,1,1,0,1,840,0,1,0,0,1,0,0,0,0,0,0,0,0,1,1,0,1,0,0,0,1,1,1,0,1,0,50.431637,-104.550761
638,642,940,"331  Broad Street North, Regina, SK, S4R 2X8",1,1.0,0,1,1,0,1,659,0,1,0,0,1,0,0,0,0,0,0,0,1,0,1,1,0,0,0,0,0,0,0,0,1,0,50.4809322,-104.6064483
639,643,1300,"331  Broad Street North, Regina, SK, S4R 2X8",2,2.0,0,1,1,0,1,832,0,1,0,0,1,0,0,0,0,0,0,0,1,0,1,1,0,0,0,0,0,0,0,0,1,0,50.4809322,-104.6064483
640,644,1022,"22-41 Munroe Pl., Regina, SK, S4S 6A7",2,1.0,0,1,1,0,1,860,0,0,1,0,1,0,0,0,0,0,0,1,1,0,1,1,0,1,0,0,0,0,0,1,1,0,50.414254,-104.599335
641,645,933,"22-41 Munroe Pl., Regina, SK, S4S 6A7",2,1.0,0,1,1,1,1,860,0,1,1,0,1,0,0,0,0,0,0,1,1,0,1,1,0,1,0,0,0,0,0,1,1,0,50.414254,-104.599335
644,648,960,"433 Osler St, Regina, SK S4R 1V8, Canada",3,1.0,0,0,1,2,0,1000,0,1,0,0,0,0,0,0,1,0,0,0,1,0,1,0,1,0,0,0,0,0,0,0,0,1,50.472292,-104.604872
645,649,1000,"2155 Winnipeg St, Regina, SK S4P 1G9, Canada",1,1.0,1,1,1,1,0,600,1,0,0,0,0,1,0,0,0,0,1,0,0,0,1,0,1,0,0,0,0,0,0,0,0,1,50.445425,-104.59505
646,650,1600,"1914 Hamilton St, Regina, SK S4P 3N6, Canada",1,1.0,1,1,1,1,1,882,1,1,0,1,0,0,1,0,0,0,0,0,0,1,1,0,1,1,1,1,1,1,0,1,0,0,50.4487677,-104.6093955
647,651,1000,"angus road, Canada",1,1.0,1,1,1,1,0,696,0,1,0,0,1,0,0,0,0,0,1,0,1,1,1,1,0,0,0,0,0,0,0,1,0,0,50.478071,-104.6203968
648,652,900,"3935 Robinson Street, S4S 3C8, Regina, SK",2,1.0,0,1,1,1,0,575,0,0,1,0,1,0,0,0,0,0,0,0,0,0,0,1,0,0,0,0,0,0,0,0,0,0,50.417032,-104.623899
649,653,550,"1901 14 Ave, Regina, SK S4P 0X4, Canada",1,1.0,1,1,1,1,0,300,0,0,0,0,1,0,0,0,0,0,0,0,1,0,1,1,0,0,1,0,0,0,0,1,0,1,50.443903,-104.608689
650,654,700,"1106 McIntosh St, Regina, SK S4T 5B9, Canada",1,1.0,0,1,1,1,0,500,0,0,0,0,1,0,0,0,0,0,0,0,0,0,1,1,0,0,0,0,0,0,0,0,0,0,50.4594315,-104.6524885
651,657,1200,", regina s4t 5a7 SK, Canada",2,1.0,1,1,1,1,0,700,0,0,0,0,0,0,0,0,1,0,0,0,0,0,0,0,1,0,0,0,0,0,0,0,1,0,50.4521561,-104.650754
654,660,2200,"2363 Broad St, Regina, SK S4P 1B9, Canada",3,2.0,0,1,1,1,0,2500,0,0,0,1,1,0,0,0,0,0,0,0,1,1,1,0,0,0,0,0,0,0,0,0,0,0,50.440899,-104.605644
656,662,950,", Regina S4T 5K6 SK, Canada",1,1.0,1,1,1,0,0,750,0,1,0,0,0,1,0,0,0,0,1,0,1,1,1,1,0,0,0,0,0,0,0,0,0,1,50.467579,-104.661673
657,663,950,"311 Tremaine Ave, Regina, SK S4R 6T9, Canada",1,1.0,0,1,1,1,1,900,0,1,0,0,0,0,0,0,1,0,0,0,1,0,1,1,1,0,0,0,0,0,0,0,1,1,50.492067,-104.6606825
658,664,2000,", Regina S4n3g9  SK, Canada",5,4.0,0,0,0,2,0,2100,0,1,0,0,0,0,0,0,1,0,0,0,1,0,1,1,0,0,0,0,0,0,0,0,0,1,50.447008,-104.586466
659,665,1750,"5402 Mitchinson Way, Regina, SK S4W 0E7, Canada",3,2.0,0,0,0,1,0,1100,0,1,0,1,0,0,0,0,0,1,0,0,1,1,1,0,1,0,0,0,0,0,0,0,0,1,50.4480094909668,-104.595176696777
660,666,900,"3859 Robinson St, Regina, SK S4S 3C5, Canada",2,1.0,0,1,1,1,0,1000,0,0,0,0,1,0,0,0,0,0,0,0,1,0,0,1,0,0,0,0,0,0,0,0,0,0,50.418622,-104.623915
661,668,1275,"5500 Mitchinson Way, Regina, SK S4W 0N9, Canada",2,1.0,1,0,1,0,1,770,0,0,0,0,0,0,1,0,0,0,0,0,1,1,1,0,1,0,0,0,0,0,0,0,1,0,50.436949,-104.649662
662,669,950,"8 Dolphin Bay, Regina, SK S4S 2L9, Canada",2,1.0,1,1,1,2,0,950,0,1,0,1,0,1,0,0,0,0,0,0,1,0,1,0,1,0,0,0,0,0,0,0,0,1,50.405489,-104.611608
663,670,875,"2125 Lorne St, Regina, SK S4P 3K3, Canada",1,1.0,0,1,1,0,0,750,0,0,0,0,1,0,0,0,0,0,0,0,1,0,0,0,1,0,0,0,0,0,0,0,0,0,50.44478,-104.61354
664,671,950,"200 blk Ottawa Street, Regina S4R1N5 SK",1,1.0,1,1,1,1,0,900,0,0,0,0,0,1,0,0,0,0,0,0,0,0,0,1,0,0,0,0,0,0,0,0,0,1,50.475234,-104.60051
666,673,1100,"125 Froom Crescent, Regina, SK S4N 1S8, Canada",2,1.0,0,1,1,1,0,1000,1,1,0,0,0,0,1,0,0,0,0,0,1,1,1,1,0,0,1,0,0,0,0,1,0,0,50.445507,-104.568106
667,674,1095,", S4r2l7, Regina, SK",2,1.0,0,1,1,2,0,1000,0,1,0,0,1,0,0,0,0,0,0,0,1,1,1,0,1,0,0,0,0,0,0,0,0,1,50.475381,-104.616629
669,676,1750,"Trinity Way, Regina, SK S0G 4G0, Canada",2,2.0,0,0,0,2,1,1400,0,1,0,0,0,0,1,0,0,0,0,0,1,1,1,0,1,0,0,0,1,0,0,0,1,0,50.38449,-104.503376
